﻿<?xml version="1.0" encoding="utf-8"?>
<gamePackage>
  <language id="01" modified="0">
    <speechRecognitionWords>
      <text display="1">PaRappa the Rapper</text>
      <pronunciation>p ae r ae p ax ___ dh ah ___ r ae p er</pronunciation>
    </speechRecognitionWords>
    <speechRecognitionWords>
      <text display="1">PaRappa the Rapper</text>
      <pronunciation>p ae r ax p p ax ___ dh ah ___ r ae p ax r</pronunciation>
    </speechRecognitionWords>
    <speechRecognitionWords>
      <text display="0">the Rapper Remastered</text>
      <pronunciation>dh ah ___ r ae p er ___ r iy m ae s t er d</pronunciation>
    </speechRecognitionWords>
    <speechRecognitionWords>
      <text display="0">the Rapper Remastered</text>
      <pronunciation>dh ah ___ r ae p ax r ___ r ih m ax z t ax d</pronunciation>
    </speechRecognitionWords>
  </language>
  <language id="18" modified="0">
    <speechRecognitionWords>
      <text display="0">the Rapper Remastered</text>
      <pronunciation>dh ah ___ r ae p ax r ___ r ih m ax z t ax d</pronunciation>
    </speechRecognitionWords>
    <speechRecognitionWords>
      <text display="0">the Rapper Remastered</text>
      <pronunciation>dh ah ___ r ae p er ___ r iy m ae s t er d</pronunciation>
    </speechRecognitionWords>
    <speechRecognitionWords>
      <text display="1">PaRappa the Rapper</text>
      <pronunciation>p ae r ax p p ax ___ dh ah ___ r ae p ax r</pronunciation>
    </speechRecognitionWords>
    <speechRecognitionWords>
      <text display="1">PaRappa the Rapper</text>
      <pronunciation>p ae r ae p ax ___ dh ah ___ r ae p er</pronunciation>
    </speechRecognitionWords>
  </language>
</gamePackage>