{
  "i18nSelectRewindPoint": "الإعادة",
  "i18nQuickSaveOptions": "التحميل والحفظ",
  "i18nQuickSaveTitle": "التحميل والحفظ",
  "i18nGeneralSettings": "الإعدادات",
  "i18nLoadQuickSave": "تحميل",
  "i18nCreateQuickSave": "حفظ",
  "i18nBack": "[CTRL_CANCEL] عودة",
  "i18nAccept": "[CTRL_ENTER] قبول",
  "i18nTriangleCreateQuicksave": "[CTRL_TRIANGLE] إنشاء حفظ سريع",
  "i18nTouchpadCreateQuicksave": "[CTRL_TOUCHPAD] إنشاء حفظ سريع",
  "i18nSaveSlotNumber": "فتحة {{SlotNumber}}",
  "i18nCreateNewSave": "+ إنشاء حفظ سريع",
  "i18nDate": "التاريخ",
  "i18nPlayTime": "وقت اللعب",
  "i18nFileSize": "حجم الملف",
  "i18nTriangleReset": "[CTRL_TRIANGLE] إعادة ضبط",
  "i18nTouchpadResetAll": "[CTRL_TOUCHPAD] إعادة ضبط الكل",
  "i18nOverwriteSave": "أترغب في استبدال هذا الحفظ؟",
  "i18nYes": "نعم",
  "i18nNo": "لا",
  "i18nSettingsTitle": "الإعدادات",
  "i18nVisualPresets": "إعدادات ضبط المرئيات",
  "i18nVideo": "الفيديو",
  "i18nGraphics": "الرسومات",
  "i18nControls": "عناصر التحكم",
  "i18nPreset": "إعداد ضبط",
  "i18nPresetRetroModern": "حديثة قديمة",
  "i18nPresetRetroClassic": "كلاسيكية قديمة",
  "i18nPresetModern": "حديثة",
  "i18nVideoPositionX": "الوضع X",
  "i18nVideoPositionY": "الوضع Y",
  "i18nVideoAspectRatio": "نسبة الأبعاد",
  "i18nColorAdjustments": "تعديلات الألوان",
  "i18nColorAdjustmentsBrightness": "الإضاءة",
  "i18nColorAdjustmentsContrast": "التباين",
  "i18nColorAdjustmentsGamma": "تقنية غاما",
  "i18nColorAdjustmentsHue": "تدرج الألوان",
  "i18nColorAdjustmentsSaturation": "صفاء الألوان",
  "i18nSquareMinimizeUi": "[CTRL_SQUARE] تصغير واجهة المستخدم",
  "i18nEmptySave": "حفظ فارغ",
  "i18nUpscaleFactor": "عامل رفع الدقة",
  "i18nNoUpscale": "دون رفع الدقة",
  "i18nMultiplierScale": "دقة {{Multiplier}}x",
  "i18nAspectNativeResolution": "الدقة الأصلية",
  "i18nAspect1To1": "1:1",
  "i18nAspect43To1610": "4:3 بالنسبة إلى 16:10",
  "i18nAspect43To169": "4:3 بالنسبة إلى 16:9",
  "i18nAspectSquarePixels": "أبعاد وحدات البكسل",
  "i18nAspectWideZoomCropped": "تكبير عريض (اقتصاص)",
  "i18nAspectWideZoomStretched": "تكبير عريض (تمديد)",
  "i18nGraphicsFilter": "تصفية",
  "i18nGraphicsAntiAliasing": "تنعيم الحواف",
  "i18nGraphicsLineThickness": "سُمك الخط",
  "i18nGraphicsCelEffects": "تأثيرات الرسوم المتحركة\n",
  "i18nGraphicsScanlines": "خطوط المسح الضوئي",
  "i18nFilterNone": "لا شيء",
  "i18nFilterBicubic": "تكعيب مزدوج",
  "i18nFilterLanczos": "Lanczos",
  "i18nFilterCubic": "تكعيب",
  "i18nAntiAliasingNone": "لا شيء",
  "i18nAntiAliasingFxaa": "تنعيم الحواف السريع",
  "i18nAntiAliasingCmaa": "تنعيم الحواف التحفظي",
  "i18nCelEffectsShadingLevel": "درجة التظليل",
  "i18nCelEffectsSaturation": "صفاء الألوان",
  "i18nCelEffectsBrightness": "الإضاءة",
  "i18nCelEffectsOutline": "الإطار",
  "i18nCelEffectsStrength": "القوة",
  "i18nCelEffectsSmooth": "النعومة",
  "i18nScanlinesEffectNumber": "التأثير {{Number}}",
  "i18nScanlinesEffectCustom": "مخصص",
  "i18nScanlinesColorBleedOpacity": "وضوح نفاذية انعكاس الألوان",
  "i18nScanlinesMaskOpacity": "وضوح النفاذية الكلية",
  "i18nScanlinesDarkOpacity": "وضوح الظلام",
  "i18nScanlinesLightOpacity": "وضوح الضوء",
  "i18nScanlinesOpacity": "الوضوح",
  "i18nScanlinesBlur": "الضبابية",
  "i18nScanlinesLineThickness": "سُمك الخط",
  "i18nScanlinesPostBlurBrightness": "إضاءة الضبابية",
  "i18nScanlinesPostBlurSaturation": "صفاء الضبابية",
  "i18nControllerId": "وحدة التحكم اللاسلكية {{Id}}",
  "i18nControllerId4": "وحدة التحكم اللاسلكية {{Id}}",
  "i18nControllerId5": "وحدة التحكم اللاسلكية {{Id}}",
  "i18nControlsRemapControls": "أعد تعيين عناصر تحكم مختلفة",
  "i18nControlsCustomizeButtonAssignments": "خصِّص أزرار التعيين",
  "i18nControlsSelectButton": "حدد زرًا لتغيير التعيين.",
  "i18nControlsReset": "إعادة ضبط",
  "i18nControlsApply": "تطبيق",
  "i18nNavigateTimeline": "[CTRL_DPADLEFT][CTRL_DPADRIGHT] تبديل الإطار الزمني",
  "i18nCreateSave": "إنشاء حفظ",
  "i18nControlXAccept": "[CTRL_ENTER] نعم",
  "i18nControlOCancel": "[CTRL_CANCEL] إلغاء",
  "i18nLoadSave": "تحميل ملف الحفظ",
  "i18nConfirmQuickSave": "تأكيد الحفظ السريع",
  "i18nConfirmResetAll": "تأكيد إعادة ضبط الكل",
  "i18nPresetCustom": "مخصص",
  "i18nPresetDefault": "افتراضي",
  "i18nControlSquareMinimizeUI": "[CTRL_SQUARE] تصغير واجهة المستخدم",
  "i18nControlSquareMaximizeUI": "[CTRL_SQUARE] تكبير واجهة المستخدم",
  "i18nFileSizeIntegerMegabytes": "{{value}} ميغابايت",
  "i18nGameSaved": "تم حفظ اللعبة",
  "i18nSaveDataTitleQuickSaves": "ملفات الحفظ السريع",
  "i18nSaveDataSubTitleQuickSaves": "عدة مواضع للحفظ السريع",
  "i18nSaveDataTitleApplication": "بيانات التطبيق",
  "i18nSaveDataSubTitleApplication": "إعدادات مظهر واجهة المستخدم وتقدم الجائزة",
  "i18nSaveDataTitleMemoryCards": "بطاقات الذاكرة",
  "i18nSaveDataSubTitleMemoryCards": "بيانات تقدم اللعبة",
  "i18nTouchPadStartSelectHelp": "انقر فوق زر لوحة لمس لاستخدام زر START وزر SELECT",
  "i18nPressStart": "اضغط على START",
  "i18nOk": "موافق",
  "i18nPressStartToPlay": "اضغط START للعب!",
  "i18nChangeDisc": "Change Disc",
  "i18nDiscNumber": "Disc {{Number}}",
  "i18nDiscNumberText": "Disc {{Number}} {{Text}}",
  "i18nDiscChangeConfirm": "Change to Disc {{Number}}? All unsaved progress will be lost.",
  "i18nDiscChangeConfirmText": "Change to Disc {{Number}} {{Text}}? All unsaved progress will be lost."
}