{
  "i18nSelectRewindPoint": "Přetáčení",
  "i18nQuickSaveOptions": "Načíst a uložit",
  "i18nQuickSaveTitle": "Načíst a uložit",
  "i18nGeneralSettings": "Nastavení",
  "i18nLoadQuickSave": "Načíst",
  "i18nCreateQuickSave": "Uložit",
  "i18nBack": "[CTRL_CANCEL] Zpět",
  "i18nAccept": "[CTRL_ENTER] Přijmout",
  "i18nTriangleCreateQuicksave": "[CTRL_TRIANGLE] Vytvořit rychlé uložení",
  "i18nTouchpadCreateQuicksave": "[CTRL_TOUCHPAD] Vytvořit rychlé uložení",
  "i18nSaveSlotNumber": "Pozice {{SlotNumber}}",
  "i18nCreateNewSave": "+ vytvořit novou uloženou hru",
  "i18nDate": "Datum",
  "i18nPlayTime": "Herní doba",
  "i18nFileSize": "Velikost souboru",
  "i18nTriangleReset": "[CTRL_TRIANGLE] Reset",
  "i18nTouchpadResetAll": "[CTRL_TOUCHPAD] Reset všeho",
  "i18nOverwriteSave": "Přepsat tuto uloženou hru?",
  "i18nYes": "Ano",
  "i18nNo": "Ne",
  "i18nSettingsTitle": "Nastavení",
  "i18nVisualPresets": "Vizuální předvolby",
  "i18nVideo": "Video",
  "i18nGraphics": "Grafika",
  "i18nControls": "Ovládání",
  "i18nPreset": "Předvolba",
  "i18nPresetRetroModern": "Moderní retro",
  "i18nPresetRetroClassic": "Klasické retro",
  "i18nPresetModern": "Moderní",
  "i18nVideoPositionX": "Pozice X",
  "i18nVideoPositionY": "Pozice Y",
  "i18nVideoAspectRatio": "Poměr stran",
  "i18nColorAdjustments": "Úpravy barev",
  "i18nColorAdjustmentsBrightness": "Jas",
  "i18nColorAdjustmentsContrast": "Kontrast",
  "i18nColorAdjustmentsGamma": "Gamma",
  "i18nColorAdjustmentsHue": "Barevný tón",
  "i18nColorAdjustmentsSaturation": "Saturace",
  "i18nSquareMinimizeUi": "[CTRL_SQUARE] Minimalizace uživatelského rozhraní",
  "i18nEmptySave": "Prázdná pozice uložení",
  "i18nUpscaleFactor": "Faktor přepočítání na vyšší rozlišení",
  "i18nNoUpscale": "Bez přepočítání",
  "i18nMultiplierScale": "{{Multiplier}}x",
  "i18nAspectNativeResolution": "Nativní rozlišení",
  "i18nAspect1To1": "1:1",
  "i18nAspect43To1610": "4:3 pro 16:10",
  "i18nAspect43To169": "4:3 pro 16:9",
  "i18nAspectSquarePixels": "Čtvercové pixely",
  "i18nAspectWideZoomCropped": "Široký zoom (oříznutý)",
  "i18nAspectWideZoomStretched": "Široký zoom (roztažený)",
  "i18nGraphicsFilter": "Filtr",
  "i18nGraphicsAntiAliasing": "Vyhlazování hran",
  "i18nGraphicsLineThickness": "Tloušťka čar",
  "i18nGraphicsCelEffects": "Cel efekty",
  "i18nGraphicsScanlines": "Naskenované řádky",
  "i18nFilterNone": "Žádný",
  "i18nFilterBicubic": "Bikubický",
  "i18nFilterLanczos": "Lanczos",
  "i18nFilterCubic": "Kubický",
  "i18nAntiAliasingNone": "Žádný",
  "i18nAntiAliasingFxaa": "FXAA",
  "i18nAntiAliasingCmaa": "CMAA",
  "i18nCelEffectsShadingLevel": "Úroveň stínování",
  "i18nCelEffectsSaturation": "Saturace",
  "i18nCelEffectsBrightness": "Jas",
  "i18nCelEffectsOutline": "Obrys",
  "i18nCelEffectsStrength": "Síla",
  "i18nCelEffectsSmooth": "Vyhlazení",
  "i18nScanlinesEffectNumber": "Efekt {{Number}}",
  "i18nScanlinesEffectCustom": "Vlastní",
  "i18nScanlinesColorBleedOpacity": "Neprůhlednost rozpití barev",
  "i18nScanlinesMaskOpacity": "Neprůhlednost masky",
  "i18nScanlinesDarkOpacity": "Tmavá neprůhlednost",
  "i18nScanlinesLightOpacity": "Světlá neprůhlednost",
  "i18nScanlinesOpacity": "Neprůhlednost",
  "i18nScanlinesBlur": "Rozostření",
  "i18nScanlinesLineThickness": "Tloušťka čar",
  "i18nScanlinesPostBlurBrightness": "Jas po rozostření",
  "i18nScanlinesPostBlurSaturation": "Saturace rozostření",
  "i18nControllerId": "Bezdrátový ovladač {{Id}}",
  "i18nControllerId4": "Bezdrátový ovladač {{Id}}",
  "i18nControllerId5": "Bezdrátový ovladač {{Id}}",
  "i18nControlsRemapControls": "Přenastavení ovládání",
  "i18nControlsCustomizeButtonAssignments": "Vlastní přiřazení tlačítek",
  "i18nControlsSelectButton": "Vyberte tlačítko, jehož přiřazení chcete změnit.",
  "i18nControlsReset": "Reset",
  "i18nControlsApply": "Použít",
  "i18nNavigateTimeline": "[CTRL_DPADLEFT][CTRL_DPADRIGHT] Pohyb po časové ose",
  "i18nCreateSave": "Vytvořit uloženou hru",
  "i18nControlXAccept": "[CTRL_ENTER] Ano",
  "i18nControlOCancel": "[CTRL_CANCEL] Zrušit",
  "i18nLoadSave": "Načíst uloženou hru",
  "i18nConfirmQuickSave": "Potvrdit rychlé uložení",
  "i18nConfirmResetAll": "Potvrdit reset všeho",
  "i18nPresetCustom": "Vlastní",
  "i18nPresetDefault": "Výchozí",
  "i18nControlSquareMinimizeUI": "[CTRL_SQUARE] Minimalizace uživatelského rozhraní",
  "i18nControlSquareMaximizeUI": "[CTRL_SQUARE] Maximalizace uživatelského rozhraní",
  "i18nFileSizeIntegerMegabytes": "{{value}} MB",
  "i18nGameSaved": "Hra uložena",
  "i18nSaveDataTitleQuickSaves": "Rychlá uložení",
  "i18nSaveDataSubTitleQuickSaves": "Víc pozic rychlého uložení",
  "i18nSaveDataTitleApplication": "Data aplikace",
  "i18nSaveDataSubTitleApplication": "Nastavení vzhledu uživatelského rozhraní a herní postup",
  "i18nSaveDataTitleMemoryCards": "Paměťové karty",
  "i18nSaveDataSubTitleMemoryCards": "Data herního postupu",
  "i18nTouchPadStartSelectHelp": "Stisknutím tlačítka dotykového panelu použiješ tlačítko SELECT a tlačítko START.",
  "i18nPressStart": "Stiskni tlačítko START",
  "i18nOk": "OK",
  "i18nPressStartToPlay": "Stiskni tlačítko START a začni hrát!",
  "i18nQuickSaveError": "Rychlé uložení bylo uloženo pomocí jiného nastavení jazyka systému. Chceš-li načíst toto rychlé uložení, změň jazyk systému.",
  "i18nChangeDisc": "Change Disc",
  "i18nDiscNumber": "Disc {{Number}}",
  "i18nDiscNumberText": "Disc {{Number}} {{Text}}",
  "i18nDiscChangeConfirm": "Change to Disc {{Number}}? All unsaved progress will be lost.",
  "i18nDiscChangeConfirmText": "Change to Disc {{Number}} {{Text}}? All unsaved progress will be lost."
}