{
  "i18nSelectRewindPoint": "Spol tilbage",
  "i18nQuickSaveOptions": "Indlæs og gem",
  "i18nQuickSaveTitle": "Indlæs og gem",
  "i18nGeneralSettings": "Indstillinger",
  "i18nLoadQuickSave": "Indlæs",
  "i18nCreateQuickSave": "Gem",
  "i18nBack": "[CTRL_CANCEL] Tilbage",
  "i18nAccept": "[CTRL_ENTER] Acceptér",
  "i18nTriangleCreateQuicksave": "[CTRL_TRIANGLE] Gem straks",
  "i18nTouchpadCreateQuicksave": "[CTRL_TOUCHPAD] Gem straks",
  "i18nSaveSlotNumber": "Plads {{SlotNumber}}",
  "i18nCreateNewSave": "+ Opret nyt gemt spil",
  "i18nDate": "Dato",
  "i18nPlayTime": "Spilletid",
  "i18nFileSize": "Filstørrelse",
  "i18nTriangleReset": "[CTRL_TRIANGLE] Nulstil",
  "i18nTouchpadResetAll": "[CTRL_TOUCHPAD] Nulstil alt",
  "i18nOverwriteSave": "Vil du overskrive det gemte spil?",
  "i18nYes": "Ja",
  "i18nNo": "Nej",
  "i18nSettingsTitle": "Indstillinger",
  "i18nVisualPresets": "Visuelle forudindstillinger",
  "i18nVideo": "Video",
  "i18nGraphics": "Grafik",
  "i18nControls": "Styring",
  "i18nPreset": "Forudindstilling",
  "i18nPresetRetroModern": "Retro-moderne",
  "i18nPresetRetroClassic": "Retro-klassisk",
  "i18nPresetModern": "Moderne",
  "i18nVideoPositionX": "Placering X",
  "i18nVideoPositionY": "Placering Y",
  "i18nVideoAspectRatio": "Billedformat",
  "i18nColorAdjustments": "Farvetilpasninger",
  "i18nColorAdjustmentsBrightness": "Lysstyrke",
  "i18nColorAdjustmentsContrast": "Kontrast",
  "i18nColorAdjustmentsGamma": "Gamma",
  "i18nColorAdjustmentsHue": "Farvetone",
  "i18nColorAdjustmentsSaturation": "Farvemætning",
  "i18nSquareMinimizeUi": "[CTRL_SQUARE] Minimér UI",
  "i18nEmptySave": "Tom plads",
  "i18nUpscaleFactor": "Opskaleringsfaktor",
  "i18nNoUpscale": "Ingen opskalering",
  "i18nMultiplierScale": "{{Multiplier}}x skala",
  "i18nAspectNativeResolution": "Original opløsning",
  "i18nAspect1To1": "1:1",
  "i18nAspect43To1610": "4:3 til 16:10",
  "i18nAspect43To169": "4:3 til 16:9",
  "i18nAspectSquarePixels": "Firkantede pixels",
  "i18nAspectWideZoomCropped": "Bred zoom (beskåret)",
  "i18nAspectWideZoomStretched": "Bred zoom (strakt)",
  "i18nGraphicsFilter": "Filter",
  "i18nGraphicsAntiAliasing": "Anti-aliasing",
  "i18nGraphicsLineThickness": "Linjetykkelse",
  "i18nGraphicsCelEffects": "Celluloideffekter",
  "i18nGraphicsScanlines": "Scanningslinjer",
  "i18nFilterNone": "Ingen",
  "i18nFilterBicubic": "Bikubisk",
  "i18nFilterLanczos": "Lanczos",
  "i18nFilterCubic": "Kubisk",
  "i18nAntiAliasingNone": "Ingen",
  "i18nAntiAliasingFxaa": "FXAA",
  "i18nAntiAliasingCmaa": "CMAA",
  "i18nCelEffectsShadingLevel": "Skyggeniveau",
  "i18nCelEffectsSaturation": "Farvemætning",
  "i18nCelEffectsBrightness": "Lysstyrke",
  "i18nCelEffectsOutline": "Omrids",
  "i18nCelEffectsStrength": "Styrke",
  "i18nCelEffectsSmooth": "Blød",
  "i18nScanlinesEffectNumber": "Effekt {{Number}}",
  "i18nScanlinesEffectCustom": "Tilpasset",
  "i18nScanlinesColorBleedOpacity": "Uigennemsigtighed, farver",
  "i18nScanlinesMaskOpacity": "Uigennemsigtighed, maske",
  "i18nScanlinesDarkOpacity": "Uigennemsigtighed, mørke",
  "i18nScanlinesLightOpacity": "Uigennemsigtighed, lys",
  "i18nScanlinesOpacity": "Uigennemsigtighed",
  "i18nScanlinesBlur": "Sløring",
  "i18nScanlinesLineThickness": "Linjetykkelse",
  "i18nScanlinesPostBlurBrightness": "Lysstyrke ved postsløring",
  "i18nScanlinesPostBlurSaturation": "Sløringsmætning",
  "i18nControllerId": "Trådløs controller {{Id}}",
  "i18nControllerId4": "Trådløs controller {{Id}}",
  "i18nControllerId5": "Trådløs controller {{Id}}",
  "i18nControlsRemapControls": "Omlæg styring",
  "i18nControlsCustomizeButtonAssignments": "Tilpas knappernes funktioner",
  "i18nControlsSelectButton": "Vælg en knap for at ændre funktionen.",
  "i18nControlsReset": "Nulstil",
  "i18nControlsApply": "Anvend",
  "i18nNavigateTimeline": "[CTRL_DPADLEFT][CTRL_DPADRIGHT] Navigér tidslinje",
  "i18nCreateSave": "Opret gemt spil",
  "i18nControlXAccept": "[CTRL_ENTER] Ja",
  "i18nControlOCancel": "[CTRL_CANCEL] Annullér",
  "i18nLoadSave": "Indlæs gemt spil",
  "i18nConfirmQuickSave": "Bekræft \"Gem straks\"",
  "i18nConfirmResetAll": "Bekræft \"Nulstil alt\"",
  "i18nPresetCustom": "Tilpasset",
  "i18nPresetDefault": "Standard",
  "i18nControlSquareMinimizeUI": "[CTRL_SQUARE] Minimér UI",
  "i18nControlSquareMaximizeUI": "[CTRL_SQUARE] Maksimér UI",
  "i18nFileSizeIntegerMegabytes": "{{value}} MB",
  "i18nGameSaved": "Spil gemt",
  "i18nSaveDataTitleQuickSaves": "Gem straks",
  "i18nSaveDataSubTitleQuickSaves": "Flere Gem straks-pladser",
  "i18nSaveDataTitleApplication": "Applikationsdata",
  "i18nSaveDataSubTitleApplication": "Indstillinger for spilfremskridt og UI-forekomst",
  "i18nSaveDataTitleMemoryCards": "Hukommelseskort",
  "i18nSaveDataSubTitleMemoryCards": "Spilfremskridt-data",
  "i18nTouchPadStartSelectHelp": "Klik på touchpad-knappen for at bruge SELECT-knappen og START-knappen",
  "i18nPressStart": "Tryk START",
  "i18nOk": "OK",
  "i18nPressStartToPlay": "Tryk START for at spille!",
  "i18nQuickSaveError": "Det gemte spil blev lagret med et andet systemsprog. Skift venligst systemsproget for at indlæse denne \"Gem straks\"-lagring.",
  "i18nChangeDisc": "Change Disc",
  "i18nDiscNumber": "Disc {{Number}}",
  "i18nDiscNumberText": "Disc {{Number}} {{Text}}",
  "i18nDiscChangeConfirm": "Change to Disc {{Number}}? All unsaved progress will be lost.",
  "i18nDiscChangeConfirmText": "Change to Disc {{Number}} {{Text}}? All unsaved progress will be lost."
}