{
  "i18nSelectRewindPoint": "Zurückspulen",
  "i18nQuickSaveOptions": "Laden/Speichern",
  "i18nQuickSaveTitle": "Laden/Speichern",
  "i18nGeneralSettings": "Einstellungen",
  "i18nLoadQuickSave": "Laden",
  "i18nCreateQuickSave": "Speichern",
  "i18nBack": "[CTRL_CANCEL] Zurück",
  "i18nAccept": "[CTRL_ENTER] Annehmen",
  "i18nTriangleCreateQuicksave": "[CTRL_TRIANGLE] Schnellspeicherung erstellen",
  "i18nTouchpadCreateQuicksave": "[CTRL_TOUCHPAD] Schnellspeicherung erstellen",
  "i18nSaveSlotNumber": "Platz {{SlotNumber}}",
  "i18nCreateNewSave": "+ Neue Speicherdatei erstellen",
  "i18nDate": "Datum",
  "i18nPlayTime": "Spielzeit",
  "i18nFileSize": "Dateigröße",
  "i18nTriangleReset": "[CTRL_TRIANGLE] Zurücksetzen",
  "i18nTouchpadResetAll": "[CTRL_TRIANGLE] Alles zurücksetzen",
  "i18nOverwriteSave": "Diese Speicherdatei überschreiben?",
  "i18nYes": "Ja",
  "i18nNo": "Nein",
  "i18nSettingsTitle": "Einstellungen",
  "i18nVisualPresets": "Grafik-Voreinstellungen",
  "i18nVideo": "Anzeige",
  "i18nGraphics": "Grafik",
  "i18nControls": "Steuerung",
  "i18nPreset": "Voreinstellung",
  "i18nPresetRetroModern": "Retro-modern",
  "i18nPresetRetroClassic": "Retro-klassisch",
  "i18nPresetModern": "Modern",
  "i18nVideoPositionX": "Position X",
  "i18nVideoPositionY": "Position Y",
  "i18nVideoAspectRatio": "Bildseitenverhältnis",
  "i18nColorAdjustments": "Farb-Anpassungen",
  "i18nColorAdjustmentsBrightness": "Helligkeit",
  "i18nColorAdjustmentsContrast": "Kontrast",
  "i18nColorAdjustmentsGamma": "Gamma",
  "i18nColorAdjustmentsHue": "Farbton",
  "i18nColorAdjustmentsSaturation": "Sättigung",
  "i18nSquareMinimizeUi": "[CTRL_SQUARE] UI minimieren",
  "i18nEmptySave": "Leere Speicherdatei",
  "i18nUpscaleFactor": "Upscaling-Faktor",
  "i18nNoUpscale": "Kein Upscaling",
  "i18nMultiplierScale": "Skalierung x{{Multiplier}}",
  "i18nAspectNativeResolution": "Native Auflösung",
  "i18nAspect1To1": "1:1",
  "i18nAspect43To1610": "4:3 für 16:10",
  "i18nAspect43To169": "4:3 für 16:9",
  "i18nAspectSquarePixels": "Quadratische Pixel",
  "i18nAspectWideZoomCropped": "Breiter Zoom (abgeschnitten)",
  "i18nAspectWideZoomStretched": "Breiter Zoom (gestreckt)",
  "i18nGraphicsFilter": "Filter",
  "i18nGraphicsAntiAliasing": "Anti-Aliasing",
  "i18nGraphicsLineThickness": "Linienstärke",
  "i18nGraphicsCelEffects": "Cel-Effekte",
  "i18nGraphicsScanlines": "Scanlinien",
  "i18nFilterNone": "Keiner",
  "i18nFilterBicubic": "Bikubisch",
  "i18nFilterLanczos": "Lanczos",
  "i18nFilterCubic": "Kubisch",
  "i18nAntiAliasingNone": "Keins",
  "i18nAntiAliasingFxaa": "FXAA",
  "i18nAntiAliasingCmaa": "CMAA",
  "i18nCelEffectsShadingLevel": "Schattierungsgrad",
  "i18nCelEffectsSaturation": "Sättigung",
  "i18nCelEffectsBrightness": "Helligkeit",
  "i18nCelEffectsOutline": "Kontur",
  "i18nCelEffectsStrength": "Stärke",
  "i18nCelEffectsSmooth": "Glatt",
  "i18nScanlinesEffectNumber": "Effekt {{Number}}",
  "i18nScanlinesEffectCustom": "Benutzerdefiniert",
  "i18nScanlinesColorBleedOpacity": "Farbverlauf-Deckkraft",
  "i18nScanlinesMaskOpacity": "Masken-Deckkraft",
  "i18nScanlinesDarkOpacity": "Deckkraft (dunkel)",
  "i18nScanlinesLightOpacity": "Deckkraft (hell)",
  "i18nScanlinesOpacity": "Deckkraft",
  "i18nScanlinesBlur": "Unschärfe",
  "i18nScanlinesLineThickness": "Linienstärke",
  "i18nScanlinesPostBlurBrightness": "Helligkeit des Unschärfe-Effekts",
  "i18nScanlinesPostBlurSaturation": "Unschärfe-Sättigung",
  "i18nControllerId": "Wireless-Controller {{Id}}",
  "i18nControllerId4": "Wireless-Controller {{Id}}",
  "i18nControllerId5": "Wireless-Controller {{Id}}",
  "i18nControlsRemapControls": "Steuerung neu zuweisen",
  "i18nControlsCustomizeButtonAssignments": "Tastenbelegung anpassen",
  "i18nControlsSelectButton": "Wähle eine Taste aus, um die Belegung zu ändern.",
  "i18nControlsReset": "Zurücksetzen",
  "i18nControlsApply": "Anwenden",
  "i18nNavigateTimeline": "[CTRL_DPADLEFT][CTRL_DPADRIGHT] Zeitleistennavigation",
  "i18nCreateSave": "Speicherdatei erstellen",
  "i18nControlXAccept": "[CTRL_ENTER] Ja",
  "i18nControlOCancel": "[CTRL_CANCEL] Abbrechen",
  "i18nLoadSave": "Speicherdatei laden",
  "i18nConfirmQuickSave": "Schnellspeichern bestätigen",
  "i18nConfirmResetAll": "„Alles zurücksetzen“ bestätigen",
  "i18nPresetCustom": "Benutzerdefiniert",
  "i18nPresetDefault": "Standard",
  "i18nControlSquareMinimizeUI": "[CTRL_SQUARE] UI minimieren",
  "i18nControlSquareMaximizeUI": "[CTRL_SQUARE] UI maximieren",
  "i18nFileSizeIntegerMegabytes": "{{value}} MB",
  "i18nGameSaved": "Spiel gespeichert",
  "i18nSaveDataTitleQuickSaves": "Schnellspeicherungen",
  "i18nSaveDataSubTitleQuickSaves": "Mehrere Schnellspeicherungsplätze",
  "i18nSaveDataTitleApplication": "Anwendungsdaten",
  "i18nSaveDataSubTitleApplication": "Spielfortschritt und Einstellungen für UI-Aussehen",
  "i18nSaveDataTitleMemoryCards": "Memory Cards",
  "i18nSaveDataSubTitleMemoryCards": "Gameplay-Fortschrittsdaten",
  "i18nTouchPadStartSelectHelp": "Drücke die Touchpad-Taste zum Verwenden der SELECT-Taste und der START-Taste.",
  "i18nPressStart": "START drücken",
  "i18nOk": "O. K.",
  "i18nPressStartToPlay": "Drücke START zum Spielen!",
  "i18nQuickSaveError": "Die Schnellspeicherung wurde mit einer anderen Systemspracheinstellung gespeichert. Bitte ändern Sie die Systemsprache, um diese Schnellspeicherung zu laden.",
  "i18nChangeDisc": "Change Disc",
  "i18nDiscNumber": "Disc {{Number}}",
  "i18nDiscNumberText": "Disc {{Number}} {{Text}}",
  "i18nDiscChangeConfirm": "Change to Disc {{Number}}? All unsaved progress will be lost.",
  "i18nDiscChangeConfirmText": "Change to Disc {{Number}} {{Text}}? All unsaved progress will be lost."
}