{
  "i18nSelectRewindPoint": "Επαναφορά",
  "i18nQuickSaveOptions": "Φόρτωση και Αποθήκευση",
  "i18nQuickSaveTitle": "Φόρτωση και Αποθήκευση",
  "i18nGeneralSettings": "Ρυθμίσεις",
  "i18nLoadQuickSave": "Φόρτωση",
  "i18nCreateQuickSave": "Αποθήκευση",
  "i18nBack": "[CTRL_CANCEL] Πίσω",
  "i18nAccept": "[CTRL_ENTER] Αποδοχή",
  "i18nTriangleCreateQuicksave": "[CTRL_TRIANGLE] Νέα Γρήγορη Αποθήκευση",
  "i18nTouchpadCreateQuicksave": "[CTRL_TOUCHPAD] Νέα Γρήγορη Αποθήκευση",
  "i18nSaveSlotNumber": "Θέση {{SlotNumber}}",
  "i18nCreateNewSave": "+ Δημιουργία Νέου Αποθ. Παιχν.",
  "i18nDate": "Ημερομηνία",
  "i18nPlayTime": "Χρόνος Παιχ.",
  "i18nFileSize": "Μέγεθος Αρχ.",
  "i18nTriangleReset": "[CTRL_TRIANGLE] Αποκατάσταση",
  "i18nTouchpadResetAll": "[CTRL_TOUCHPAD] Ολική Αποκατάσταση",
  "i18nOverwriteSave": "Να αντικατασταθεί η αποθήκευση;",
  "i18nYes": "Ναι",
  "i18nNo": "Όχι",
  "i18nSettingsTitle": "Ρυθμίσεις",
  "i18nVisualPresets": "Προεπιλογές Γραφικών",
  "i18nVideo": "Βίντεο",
  "i18nGraphics": "Γραφικά",
  "i18nControls": "Χειρισμός",
  "i18nPreset": "Προεπιλογή",
  "i18nPresetRetroModern": "Ρετρό - Σύγχρονο",
  "i18nPresetRetroClassic": "Ρετρό - Κλασικό",
  "i18nPresetModern": "Σύγχρονο",
  "i18nVideoPositionX": "Θέση X",
  "i18nVideoPositionY": "Θέση Y",
  "i18nVideoAspectRatio": "Αναλογία Εικόνας",
  "i18nColorAdjustments": "Προσαρμογή Χρωμάτων",
  "i18nColorAdjustmentsBrightness": "Φωτεινότητα",
  "i18nColorAdjustmentsContrast": "Αντίθεση",
  "i18nColorAdjustmentsGamma": "Διόρθωση Γάμμα",
  "i18nColorAdjustmentsHue": "Χροιά",
  "i18nColorAdjustmentsSaturation": "Κορεσμός",
  "i18nSquareMinimizeUi": "[CTRL_SQUARE] Ελαχιστοποίηση UI",
  "i18nEmptySave": "Κενή Θέση Αποθήκευσης",
  "i18nUpscaleFactor": "Συντελεστής Αναβάθμισης",
  "i18nNoUpscale": "Χωρίς Αναβάθμιση",
  "i18nMultiplierScale": "{{Multiplier}}x Κλίμακα Αναβάθμισης",
  "i18nAspectNativeResolution": "Εγγενής Ανάλυση",
  "i18nAspect1To1": "1:1",
  "i18nAspect43To1610": "4:3 για 16:10",
  "i18nAspect43To169": "4:3 για 16:9",
  "i18nAspectSquarePixels": "Τετράγωνα pixel",
  "i18nAspectWideZoomCropped": "Ζουμ σε Ευρεία Οθόνη (Περικοπή)",
  "i18nAspectWideZoomStretched": "Ζουμ σε Ευρεία Οθόνη (Τέντωμα)",
  "i18nGraphicsFilter": "Φίλτρο",
  "i18nGraphicsAntiAliasing": "Εξομάλυνση",
  "i18nGraphicsLineThickness": "Πάχος Γραμμών",
  "i18nGraphicsCelEffects": "Εφέ Σκίασης Cel",
  "i18nGraphicsScanlines": "Γραμμές Σάρωσης",
  "i18nFilterNone": "Κανένα",
  "i18nFilterBicubic": "Δικυβικό",
  "i18nFilterLanczos": "Lanczos",
  "i18nFilterCubic": "Κυβικό",
  "i18nAntiAliasingNone": "Κανένα",
  "i18nAntiAliasingFxaa": "FXAA",
  "i18nAntiAliasingCmaa": "CMAA",
  "i18nCelEffectsShadingLevel": "Επίπεδο Σκίασης",
  "i18nCelEffectsSaturation": "Κορεσμός",
  "i18nCelEffectsBrightness": "Φωτεινότητα",
  "i18nCelEffectsOutline": "Περίγραμμα",
  "i18nCelEffectsStrength": "Ισχύς",
  "i18nCelEffectsSmooth": "Λείο",
  "i18nScanlinesEffectNumber": "Εφέ {{Number}}",
  "i18nScanlinesEffectCustom": "Προσαρμογή",
  "i18nScanlinesColorBleedOpacity": "Αδιαφάνεια Διάχυσης Χρωμάτων",
  "i18nScanlinesMaskOpacity": "Αδιαφάνεια Μάσκας",
  "i18nScanlinesDarkOpacity": "Αδιαφάνεια Σκοτεινών",
  "i18nScanlinesLightOpacity": "Αδιαφάνεια Φωτεινών",
  "i18nScanlinesOpacity": "Αδιαφάνεια",
  "i18nScanlinesBlur": "Θόλωμα",
  "i18nScanlinesLineThickness": "Πάχος Γραμμών",
  "i18nScanlinesPostBlurBrightness": "Φωτεινότητα Θολώματος Μετεπεξεργασίας",
  "i18nScanlinesPostBlurSaturation": "Κορεσμός Θολώματος",
  "i18nControllerId": "Ασύρματο Χειριστήριο {{Id}}",
  "i18nControllerId4": "Ασύρματο Χειριστήριο {{Id}}",
  "i18nControllerId5": "Ασύρματο Χειριστήριο {{Id}}",
  "i18nControlsRemapControls": "Προσαρμογή Χειρισμού",
  "i18nControlsCustomizeButtonAssignments": "Αλλαγή Αντιστοίχισης Κουμπιών",
  "i18nControlsSelectButton": "Επιλέξτε ένα κουμπί για να αλλάξετε την αντιστοίχισή του.",
  "i18nControlsReset": "Επαναφορά",
  "i18nControlsApply": "Εφαρμογή",
  "i18nNavigateTimeline": "[CTRL_DPADLEFT][CTRL_DPADRIGHT] Περιήγηση στο Χρονολόγιο",
  "i18nCreateSave": "Δημιουργία Αποθήκευσης",
  "i18nControlXAccept": "[CTRL_ENTER] Ναι",
  "i18nControlOCancel": "[CTRL_CANCEL] Άκυρο",
  "i18nLoadSave": "Φόρτωση Αποθήκευσης",
  "i18nConfirmQuickSave": "Επιβεβαίωση Γρήγορης Αποθήκευσης",
  "i18nConfirmResetAll": "Επιβεβαίωση Ολικής Αποκατάστασης",
  "i18nPresetCustom": "Προσαρμογή",
  "i18nPresetDefault": "Προεπιλογή",
  "i18nControlSquareMinimizeUI": "[CTRL_SQUARE] Ελαχιστοποίηση UI",
  "i18nControlSquareMaximizeUI": "[CTRL_SQUARE] Μεγιστοποίηση UI",
  "i18nFileSizeIntegerMegabytes": "{{value}} MB",
  "i18nGameSaved": "Το Παιχνίδι Αποθηκεύτηκε",
  "i18nSaveDataTitleQuickSaves": "Στιγμιαία Αποθηκευμένα Παιχνίδια",
  "i18nSaveDataSubTitleQuickSaves": "Πολλές Θέσεις Στιγμιαίων Αποθηκευμένων Παιχνιδιών",
  "i18nSaveDataTitleApplication": "Δεδομένα Εφαρμογής",
  "i18nSaveDataSubTitleApplication": "Πρόοδος Παιχνιδιού και Ρυθμίσεις Εμφάνισης UI",
  "i18nSaveDataTitleMemoryCards": "Κάρτες Μνήμης",
  "i18nSaveDataSubTitleMemoryCards": "Δεδομένα Προόδου Παιχνιδιού",
  "i18nTouchPadStartSelectHelp": "Πάτα το κουμπί επιφάνειας αφής για να χρησιμοποιήσεις τα κουμπιά SELECT και START",
  "i18nPressStart": "\nΠάτα START",
  "i18nOk": "OK",
  "i18nPressStartToPlay": "Πάτα START για να παίξεις!",
  "i18nQuickSaveError": "Η Γρήγορη Αποθήκευση αποθηκεύτηκε χρησιμοποιώντας διαφορετική ρύθμιση γλώσσας συστήματος. Παρακαλούμε αλλάξτε τη γλώσσα συστήματος για να φορτώσετε τη Γρήγορη Αποθήκευση.",
  "i18nChangeDisc": "Change Disc",
  "i18nDiscNumber": "Disc {{Number}}",
  "i18nDiscNumberText": "Disc {{Number}} {{Text}}",
  "i18nDiscChangeConfirm": "Change to Disc {{Number}}? All unsaved progress will be lost.",
  "i18nDiscChangeConfirmText": "Change to Disc {{Number}} {{Text}}? All unsaved progress will be lost."
}