{
  "i18nSelectRewindPoint": "Rewind",
  "i18nQuickSaveOptions": "Load & Save",
  "i18nQuickSaveTitle": "Load & Save",
  "i18nGeneralSettings": "Settings",
  "i18nLoadQuickSave": "Load",
  "i18nCreateQuickSave": "Save",
  "i18nBack": "[CTRL_CANCEL] Back",
  "i18nAccept": "[CTRL_ENTER] Accept",
  "i18nTriangleCreateQuicksave": "[CTRL_TRIANGLE] Create Quick Save",
  "i18nTouchpadCreateQuicksave": "[CTRL_TOUCHPAD] Create Quick Save",
  "i18nSaveSlotNumber": "Slot {{SlotNumber}}",
  "i18nCreateNewSave": "+ Create New Save",
  "i18nDate": "Date",
  "i18nPlayTime": "Play Time",
  "i18nFileSize": "File Size",
  "i18nTriangleReset": "[CTRL_TRIANGLE] Reset",
  "i18nTouchpadResetAll": "[CTRL_TOUCHPAD] Reset All",
  "i18nOverwriteSave": "Overwrite this save?",
  "i18nYes": "Yes",
  "i18nNo": "No",
  "i18nSettingsTitle": "Settings",
  "i18nVisualPresets": "Visual Presets",
  "i18nVideo": "Video",
  "i18nGraphics": "Graphics",
  "i18nControls": "Controls",
  "i18nPreset": "Preset",
  "i18nPresetRetroModern": "Retro Modern",
  "i18nPresetRetroClassic": "Retro Classic",
  "i18nPresetModern": "Modern",
  "i18nVideoPositionX": "Position X",
  "i18nVideoPositionY": "Position Y",
  "i18nVideoAspectRatio": "Aspect Ratio",
  "i18nColorAdjustments": "Color Adjustments",
  "i18nColorAdjustmentsBrightness": "Brightness",
  "i18nColorAdjustmentsContrast": "Contrast",
  "i18nColorAdjustmentsGamma": "Gamma",
  "i18nColorAdjustmentsHue": "Hue",
  "i18nColorAdjustmentsSaturation": "Saturation",
  "i18nSquareMinimizeUi": "[CTRL_SQUARE] Minimize UI",
  "i18nEmptySave": "Empty Save",
  "i18nUpscaleFactor": "Upscale Factor",
  "i18nNoUpscale": "No Upscale",
  "i18nMultiplierScale": "{{Multiplier}}x Scale",
  "i18nAspectNativeResolution": "Native Resolution",
  "i18nAspect1To1": "1:1",
  "i18nAspect43To1610": "4:3 for 16:10",
  "i18nAspect43To169": "4:3 for 16:9",
  "i18nAspectSquarePixels": "Square pixels",
  "i18nAspectWideZoomCropped": "Wide Zoom (Cropped)",
  "i18nAspectWideZoomStretched": "Wide Zoom (Stretched)",
  "i18nGraphicsFilter": "Filter",
  "i18nGraphicsAntiAliasing": "Anti-Aliasing",
  "i18nGraphicsLineThickness": "Line Thickness",
  "i18nGraphicsCelEffects": "Cel Effects",
  "i18nGraphicsScanlines": "Scanlines",
  "i18nFilterNone": "None",
  "i18nFilterBicubic": "Bicubic",
  "i18nFilterLanczos": "Lanczos",
  "i18nFilterCubic": "Cubic",
  "i18nAntiAliasingNone": "None",
  "i18nAntiAliasingFxaa": "FXAA",
  "i18nAntiAliasingCmaa": "CMAA",
  "i18nCelEffectsShadingLevel": "Shading Level",
  "i18nCelEffectsSaturation": "Saturation",
  "i18nCelEffectsBrightness": "Brightness",
  "i18nCelEffectsOutline": "Outline",
  "i18nCelEffectsStrength": "Strength",
  "i18nCelEffectsSmooth": "Smooth",
  "i18nScanlinesEffectNumber": "Effect {{Number}}",
  "i18nScanlinesEffectCustom": "Custom",
  "i18nScanlinesColorBleedOpacity": "Color Bleed Opacity",
  "i18nScanlinesMaskOpacity": "Mask Opacity",
  "i18nScanlinesDarkOpacity": "Dark Opacity",
  "i18nScanlinesLightOpacity": "Light Opacity",
  "i18nScanlinesOpacity": "Opacity",
  "i18nScanlinesBlur": "Blur",
  "i18nScanlinesLineThickness": "Line Thickness",
  "i18nScanlinesPostBlurBrightness": "Post Blur Brightness",
  "i18nScanlinesPostBlurSaturation": "Blur Saturation",
  "i18nControllerId": "Wireless Controller {{Id}}",
  "i18nControllerId4": "Wireless Controller {{Id}}",
  "i18nControllerId5": "Wireless Controller {{Id}}",
  "i18nControlsRemapControls": "Remap Controls",
  "i18nControlsCustomizeButtonAssignments": "Customize Button Assignments",
  "i18nControlsSelectButton": "Select a button to change its assignment.",
  "i18nControlsReset": "Reset",
  "i18nControlsApply": "Apply",
  "i18nNavigateTimeline": "[CTRL_DPADLEFT][CTRL_DPADRIGHT] Navigate Timeline",
  "i18nCreateSave": "Create Save",
  "i18nControlXAccept": "[CTRL_ENTER] Yes",
  "i18nControlOCancel": "[CTRL_CANCEL] Cancel",
  "i18nLoadSave": "Load Save",
  "i18nConfirmQuickSave": "Confirm Quick Save",
  "i18nConfirmResetAll": "Confirm Reset All",
  "i18nPresetCustom": "Custom",
  "i18nPresetDefault": "Default",
  "i18nControlSquareMinimizeUI": "[CTRL_SQUARE] Minimize UI",
  "i18nControlSquareMaximizeUI": "[CTRL_SQUARE] Maximize UI",
  "i18nFileSizeIntegerMegabytes": "{{value}} MB",
  "i18nGameSaved": "Game Saved",
  "i18nSaveDataTitleQuickSaves": "Quick Saves",
  "i18nSaveDataSubTitleQuickSaves": "Multiple Quick Save Slots",
  "i18nSaveDataTitleApplication": "Application Data",
  "i18nSaveDataSubTitleApplication": "Game Progress and UI Appearance Settings",
  "i18nSaveDataTitleMemoryCards": "Memory Cards",
  "i18nSaveDataSubTitleMemoryCards": "Gameplay Progress Data",
  "i18nTouchPadStartSelectHelp": "Click the touch pad button to use the SELECT button and START button",
  "i18nPressStart": "Press START",
  "i18nOk": "OK",
  "i18nPressStartToPlay": "Press START to play!",
  "i18nQuickSaveError": "The Quick Save was saved using a different system language setting. Please change the system language to load this Quick Save.",
  "i18nChangeDisc": "Change Disc",
  "i18nDiscNumber": "Disc {{Number}}",
  "i18nDiscNumberText": "Disc {{Number}} {{Text}}",
  "i18nDiscChangeConfirm": "Change to Disc {{Number}}? All unsaved progress will be lost.",
  "i18nDiscChangeConfirmText": "Change to Disc {{Number}} {{Text}}? All unsaved progress will be lost."
}