{
  "i18nSelectRewindPoint": "Rebobinar",
  "i18nQuickSaveOptions": "Cargar y guardar",
  "i18nQuickSaveTitle": "Cargar y guardar",
  "i18nGeneralSettings": "Ajustes",
  "i18nLoadQuickSave": "Cargar",
  "i18nCreateQuickSave": "Guardar",
  "i18nBack": "[CTRL_CANCEL] Atrás",
  "i18nAccept": "[CTRL_ENTER] Aceptar",
  "i18nTriangleCreateQuicksave": "[CTRL_TRIANGLE] Crear guardado rápido",
  "i18nTouchpadCreateQuicksave": "[CTRL_TOUCHPAD] Crear guardado rápido",
  "i18nSaveSlotNumber": "Ranura {{SlotNumber}}",
  "i18nCreateNewSave": "+ Crear nuevo archivo de guardado",
  "i18nDate": "Fecha",
  "i18nPlayTime": "Tiempo de juego",
  "i18nFileSize": "Tamaño de archivo",
  "i18nTriangleReset": "[CTRL_TRIANGLE] Restablecer",
  "i18nTouchpadResetAll": "[CTRL_TOUCHPAD] Restablecer todos",
  "i18nOverwriteSave": "¿Sobrescribir este archivo?",
  "i18nYes": "Sí",
  "i18nNo": "No",
  "i18nSettingsTitle": "Ajustes",
  "i18nVisualPresets": "Preajustes visuales",
  "i18nVideo": "Vídeo",
  "i18nGraphics": "Gráficos",
  "i18nControls": "Controles",
  "i18nPreset": "Preajuste",
  "i18nPresetRetroModern": "Retro moderno",
  "i18nPresetRetroClassic": "Retro clásico",
  "i18nPresetModern": "Moderno",
  "i18nVideoPositionX": "Posición X",
  "i18nVideoPositionY": "Posición Y",
  "i18nVideoAspectRatio": "Relación de aspecto",
  "i18nColorAdjustments": "Ajustes de color",
  "i18nColorAdjustmentsBrightness": "Brillo",
  "i18nColorAdjustmentsContrast": "Contraste",
  "i18nColorAdjustmentsGamma": "Gamma",
  "i18nColorAdjustmentsHue": "Tonalidad",
  "i18nColorAdjustmentsSaturation": "Saturación",
  "i18nSquareMinimizeUi": "[CTRL_SQUARE] Minimizar IU",
  "i18nEmptySave": "Archivo de guardado vacío",
  "i18nUpscaleFactor": "Factor de escalado",
  "i18nNoUpscale": "Sin escalar",
  "i18nMultiplierScale": "Escalado x{{Multiplier}}",
  "i18nAspectNativeResolution": "Resolución nativa",
  "i18nAspect1To1": "1:1",
  "i18nAspect43To1610": "4:3 para 16:10",
  "i18nAspect43To169": "4:3 para 16:9",
  "i18nAspectSquarePixels": "Píxeles cuadrados",
  "i18nAspectWideZoomCropped": "Zoom ancho (recortado)",
  "i18nAspectWideZoomStretched": "Zoom ancho (estirado)",
  "i18nGraphicsFilter": "Filtro",
  "i18nGraphicsAntiAliasing": "Suavizado de líneas",
  "i18nGraphicsLineThickness": "Grosor de líneas",
  "i18nGraphicsCelEffects": "Efectos de sombreado",
  "i18nGraphicsScanlines": "Líneas de exploración",
  "i18nFilterNone": "Ninguno",
  "i18nFilterBicubic": "Bicúbico",
  "i18nFilterLanczos": "Lanczos",
  "i18nFilterCubic": "Cúbico",
  "i18nAntiAliasingNone": "Ninguno",
  "i18nAntiAliasingFxaa": "FXAA",
  "i18nAntiAliasingCmaa": "CMAA",
  "i18nCelEffectsShadingLevel": "Nivel de sombreado",
  "i18nCelEffectsSaturation": "Saturación",
  "i18nCelEffectsBrightness": "Brillo",
  "i18nCelEffectsOutline": "Contorno",
  "i18nCelEffectsStrength": "Intensidad",
  "i18nCelEffectsSmooth": "Suavidad",
  "i18nScanlinesEffectNumber": "Efecto {{Number}}",
  "i18nScanlinesEffectCustom": "Personalizados",
  "i18nScanlinesColorBleedOpacity": "Opacidad de la transferencia de color",
  "i18nScanlinesMaskOpacity": "Opacidad de máscara",
  "i18nScanlinesDarkOpacity": "Opacidad oscura",
  "i18nScanlinesLightOpacity": "Opacidad clara",
  "i18nScanlinesOpacity": "Opacidad",
  "i18nScanlinesBlur": "Desenfoque",
  "i18nScanlinesLineThickness": "Grosor de líneas",
  "i18nScanlinesPostBlurBrightness": "Brillo posterior al desenfoque",
  "i18nScanlinesPostBlurSaturation": "Saturación de desenfoque",
  "i18nControllerId": "Mando inalámbrico {{Id}}",
  "i18nControllerId4": "Mando inalámbrico {{Id}}",
  "i18nControllerId5": "Mando inalámbrico {{Id}}",
  "i18nControlsRemapControls": "Reconfigurar controles",
  "i18nControlsCustomizeButtonAssignments": "Personalizar asignaciones de botones",
  "i18nControlsSelectButton": "Selecciona un botón para cambiar su asignación.",
  "i18nControlsReset": "Restablecer",
  "i18nControlsApply": "Aplicar",
  "i18nNavigateTimeline": "[CTRL_DPADLEFT][CTRL_DPADRIGHT] Navegar por la línea temporal",
  "i18nCreateSave": "Crear archivo de guardado",
  "i18nControlXAccept": "[CTRL_ENTER] Sí",
  "i18nControlOCancel": "[CTRL_CANCEL] Cancelar",
  "i18nLoadSave": "Cargar archivo de guardado",
  "i18nConfirmQuickSave": "Confirmar guardado rápido",
  "i18nConfirmResetAll": "Confirmar restablecer todos",
  "i18nPresetCustom": "Personalizado",
  "i18nPresetDefault": "Predeterminado",
  "i18nControlSquareMinimizeUI": "[CTRL_SQUARE] Minimizar IU",
  "i18nControlSquareMaximizeUI": "[CTRL_SQUARE] Maximizar IU",
  "i18nFileSizeIntegerMegabytes": "{{value}} MB",
  "i18nGameSaved": "Partida guardada",
  "i18nSaveDataTitleQuickSaves": "Guardados rápidos",
  "i18nSaveDataSubTitleQuickSaves": "Ranuras múltiples de guardado rápido",
  "i18nSaveDataTitleApplication": "Datos de aplicaciones",
  "i18nSaveDataSubTitleApplication": "Progreso del juego y ajustes de apariencia de interfaz",
  "i18nSaveDataTitleMemoryCards": "Tarjetas de memoria",
  "i18nSaveDataSubTitleMemoryCards": "Datos de progreso de juego",
  "i18nTouchPadStartSelectHelp": "Toca el botón del panel táctil para usar el botón SELECT y el botón START",
  "i18nPressStart": "Pulsa START",
  "i18nOk": "Aceptar",
  "i18nPressStartToPlay": "¡Pulsa START para jugar!",
  "i18nQuickSaveError": "El guardado rápido se guardó utilizando una configuración de idioma del sistema diferente. Por favor, cambie el idioma del sistema para cargar este guardado rápido.\t",
  "i18nChangeDisc": "Change Disc",
  "i18nDiscNumber": "Disc {{Number}}",
  "i18nDiscNumberText": "Disc {{Number}} {{Text}}",
  "i18nDiscChangeConfirm": "Change to Disc {{Number}}? All unsaved progress will be lost.",
  "i18nDiscChangeConfirmText": "Change to Disc {{Number}} {{Text}}? All unsaved progress will be lost."
}