{
  "i18nSelectRewindPoint": "Rebobinar",
  "i18nQuickSaveOptions": "Cargar y guardar",
  "i18nQuickSaveTitle": "Cargar y guardar",
  "i18nGeneralSettings": "Configuración",
  "i18nLoadQuickSave": "Cargar",
  "i18nCreateQuickSave": "Guardar",
  "i18nBack": "[CTRL_CANCEL] Atrás",
  "i18nAccept": "[CTRL_ENTER] Aceptar",
  "i18nTriangleCreateQuicksave": "[CTRL_TRIANGLE] Crear guardado rápido",
  "i18nTouchpadCreateQuicksave": "[CTRL_TOUCHPAD] Crear guardado rápido",
  "i18nSaveSlotNumber": "Archivo {{SlotNumber}}",
  "i18nCreateNewSave": "+ Crear nuevo archivo de guardado",
  "i18nDate": "Fecha",
  "i18nPlayTime": "Tiempo de juego",
  "i18nFileSize": "Tamaño de archivo",
  "i18nTriangleReset": "[CTRL_TRIANGLE] Restablecer",
  "i18nTouchpadResetAll": "[CTRL_TOUCHPAD] Restablecer todo",
  "i18nOverwriteSave": "¿Deseas sobrescribir este archivo?",
  "i18nYes": "Sí",
  "i18nNo": "No",
  "i18nSettingsTitle": "Configuración",
  "i18nVisualPresets": "Perfiles visuales",
  "i18nVideo": "Video",
  "i18nGraphics": "Gráficos",
  "i18nControls": "Controles",
  "i18nPreset": "Perfil",
  "i18nPresetRetroModern": "Retro moderno",
  "i18nPresetRetroClassic": "Retro clásico",
  "i18nPresetModern": "Moderno",
  "i18nVideoPositionX": "Posición X",
  "i18nVideoPositionY": "Posición Y",
  "i18nVideoAspectRatio": "Relación de aspecto",
  "i18nColorAdjustments": "Ajustes de color",
  "i18nColorAdjustmentsBrightness": "Brillo",
  "i18nColorAdjustmentsContrast": "Contraste",
  "i18nColorAdjustmentsGamma": "Gamma",
  "i18nColorAdjustmentsHue": "Matiz",
  "i18nColorAdjustmentsSaturation": "Saturación",
  "i18nSquareMinimizeUi": "[CTRL_SQUARE] Minimizar interfaz",
  "i18nEmptySave": "Archivo vacío",
  "i18nUpscaleFactor": "Factor de escalado",
  "i18nNoUpscale": "Sin escalado",
  "i18nMultiplierScale": "Escalado x{{Multiplier}}",
  "i18nAspectNativeResolution": "Resolución nativa",
  "i18nAspect1To1": "1:1",
  "i18nAspect43To1610": "4:3 para 16:10",
  "i18nAspect43To169": "4:3 para 16:9",
  "i18nAspectSquarePixels": "Pixeles cuadrados",
  "i18nAspectWideZoomCropped": "Zoom ancho (recortado)",
  "i18nAspectWideZoomStretched": "Zoom ancho (estirado)",
  "i18nGraphicsFilter": "Filtro",
  "i18nGraphicsAntiAliasing": "Suavizado de bordes",
  "i18nGraphicsLineThickness": "Grosor de líneas",
  "i18nGraphicsCelEffects": "Efectos de sombreado",
  "i18nGraphicsScanlines": "Líneas de barrido",
  "i18nFilterNone": "Ninguno",
  "i18nFilterBicubic": "Bicúbico",
  "i18nFilterLanczos": "Lanczos",
  "i18nFilterCubic": "Cúbico",
  "i18nAntiAliasingNone": "Ninguno",
  "i18nAntiAliasingFxaa": "FXAA",
  "i18nAntiAliasingCmaa": "CMAA",
  "i18nCelEffectsShadingLevel": "Nivel de sombreado",
  "i18nCelEffectsSaturation": "Saturación",
  "i18nCelEffectsBrightness": "Brillo",
  "i18nCelEffectsOutline": "Contorno",
  "i18nCelEffectsStrength": "Intensidad",
  "i18nCelEffectsSmooth": "Suavizado",
  "i18nScanlinesEffectNumber": "Efecto {{Number}}",
  "i18nScanlinesEffectCustom": "Personalizado",
  "i18nScanlinesColorBleedOpacity": "Opacidad de la transferencia de colores",
  "i18nScanlinesMaskOpacity": "Opacidad de máscara",
  "i18nScanlinesDarkOpacity": "Opacidad de oscuridad",
  "i18nScanlinesLightOpacity": "Opacidad de luz",
  "i18nScanlinesOpacity": "Opacidad",
  "i18nScanlinesBlur": "Desenfoque",
  "i18nScanlinesLineThickness": "Grosor de líneas",
  "i18nScanlinesPostBlurBrightness": "Brillo posdesenfoque",
  "i18nScanlinesPostBlurSaturation": "Saturación del desenfoque",
  "i18nControllerId": "Control inalámbrico {{Id}}",
  "i18nControllerId4": "Control inalámbrico {{Id}}",
  "i18nControllerId5": "Control inalámbrico {{Id}}",
  "i18nControlsRemapControls": "Cambiar controles",
  "i18nControlsCustomizeButtonAssignments": "Personalizar asignación de botones",
  "i18nControlsSelectButton": "Selecciona un botón para cambiar su asignación.",
  "i18nControlsReset": "Restablecer",
  "i18nControlsApply": "Aplicar",
  "i18nNavigateTimeline": "[CTRL_DPADLEFT][CTRL_DPADRIGHT] Desplazarse",
  "i18nCreateSave": "Crear archivo",
  "i18nControlXAccept": "[CTRL_ENTER] Sí",
  "i18nControlOCancel": "[CTRL_CANCEL] Cancelar",
  "i18nLoadSave": "Cargar archivo",
  "i18nConfirmQuickSave": "Confirmar guardado rápido",
  "i18nConfirmResetAll": "Confirmar restablecer todo",
  "i18nPresetCustom": "Personalizado",
  "i18nPresetDefault": "Predeterminado",
  "i18nControlSquareMinimizeUI": "[CTRL_SQUARE] Minimizar interfaz",
  "i18nControlSquareMaximizeUI": "[CTRL_SQUARE] Maximizar interfaz",
  "i18nFileSizeIntegerMegabytes": "{{value}} MB",
  "i18nGameSaved": "Se guardó la partida",
  "i18nSaveDataTitleQuickSaves": "Guardados rápidos",
  "i18nSaveDataSubTitleQuickSaves": "Varios archivos de guardado rápido",
  "i18nSaveDataTitleApplication": "Datos de la aplicación",
  "i18nSaveDataSubTitleApplication": "Progreso del juego y configuración de la apariencia de la interfaz",
  "i18nSaveDataTitleMemoryCards": "Tarjetas de memoria",
  "i18nSaveDataSubTitleMemoryCards": "Datos de progreso de los juegos",
  "i18nTouchPadStartSelectHelp": "Pulsa el botón del touch pad y usa los botones SELECT y START.",
  "i18nPressStart": "Pulsa START",
  "i18nOk": "Aceptar",
  "i18nPressStartToPlay": "¡Pulsa START para jugar!",
  "i18nQuickSaveError": "El archivo de guardado rápido se almacenó con un idioma de la consola diferente. Por favor, cambia el idioma para cargarlo.",
  "i18nChangeDisc": "Change Disc",
  "i18nDiscNumber": "Disc {{Number}}",
  "i18nDiscNumberText": "Disc {{Number}} {{Text}}",
  "i18nDiscChangeConfirm": "Change to Disc {{Number}}? All unsaved progress will be lost.",
  "i18nDiscChangeConfirmText": "Change to Disc {{Number}} {{Text}}? All unsaved progress will be lost."
}