{
  "i18nSelectRewindPoint": "Kelaa taaksepäin",
  "i18nQuickSaveOptions": "Lataa ja tallenna",
  "i18nQuickSaveTitle": "Lataa ja tallenna",
  "i18nGeneralSettings": "Asetukset",
  "i18nLoadQuickSave": "Lataa",
  "i18nCreateQuickSave": "Tallenna",
  "i18nBack": "[CTRL_CANCEL] Takaisin",
  "i18nAccept": "[CTRL_ENTER] Hyväksy",
  "i18nTriangleCreateQuicksave": "[CTRL_TRIANGLE] Luo pikatallennus",
  "i18nTouchpadCreateQuicksave": "[CTRL_TOUCHPAD] Luo pikatallennus",
  "i18nSaveSlotNumber": "Paikka {{SlotNumber}}",
  "i18nCreateNewSave": "+ Luo uusi tallennus",
  "i18nDate": "Päivämäärä",
  "i18nPlayTime": "Peliaika",
  "i18nFileSize": "Tiedoston koko",
  "i18nTriangleReset": "[CTRL_TRIANGLE] Nollaa",
  "i18nTouchpadResetAll": "[CTRL_TOUCHPAD] Nollaa kaikki",
  "i18nOverwriteSave": "Korvataanko tämä tallennus?",
  "i18nYes": "Kyllä",
  "i18nNo": "Ei",
  "i18nSettingsTitle": "Asetukset",
  "i18nVisualPresets": "Visuaaliset esiasetukset",
  "i18nVideo": "Video",
  "i18nGraphics": "Grafiikka",
  "i18nControls": "Komennot",
  "i18nPreset": "Esiasetus",
  "i18nPresetRetroModern": "Retro-moderni",
  "i18nPresetRetroClassic": "Retro-klassikko",
  "i18nPresetModern": "Moderni",
  "i18nVideoPositionX": "Sijainti X",
  "i18nVideoPositionY": "Sijainti Y",
  "i18nVideoAspectRatio": "Kuvasuhde",
  "i18nColorAdjustments": "Värisäädöt",
  "i18nColorAdjustmentsBrightness": "Kirkkaus",
  "i18nColorAdjustmentsContrast": "Kontrasti",
  "i18nColorAdjustmentsGamma": "Gamma",
  "i18nColorAdjustmentsHue": "Värisävy",
  "i18nColorAdjustmentsSaturation": "Värikylläisyys",
  "i18nSquareMinimizeUi": "[CTRL_SQUARE] Pienennä käyttöliittymä",
  "i18nEmptySave": "Tyhjä tallennus",
  "i18nUpscaleFactor": "Skaalauksen taso",
  "i18nNoUpscale": "Ei skaalausta",
  "i18nMultiplierScale": "{{Multiplier}}x-skaala",
  "i18nAspectNativeResolution": "Natiiviresoluutio",
  "i18nAspect1To1": "1:1",
  "i18nAspect43To1610": "4:3/16:10",
  "i18nAspect43To169": "4:3/16:9",
  "i18nAspectSquarePixels": "Neliömäiset pikselit",
  "i18nAspectWideZoomCropped": "Leveä zoomaus (rajattu)",
  "i18nAspectWideZoomStretched": "Leveä zoomaus (venytetty)",
  "i18nGraphicsFilter": "Suodin",
  "i18nGraphicsAntiAliasing": "Antialiasointi",
  "i18nGraphicsLineThickness": "Viivan paksuus",
  "i18nGraphicsCelEffects": "Cel-tehosteet",
  "i18nGraphicsScanlines": "Juovat",
  "i18nFilterNone": "Ei mitään",
  "i18nFilterBicubic": "Bicubic",
  "i18nFilterLanczos": "Lanczos",
  "i18nFilterCubic": "Cubic",
  "i18nAntiAliasingNone": "Ei mitään",
  "i18nAntiAliasingFxaa": "FXAA",
  "i18nAntiAliasingCmaa": "CMAA",
  "i18nCelEffectsShadingLevel": "Varjostuksen taso",
  "i18nCelEffectsSaturation": "Värikylläisyys",
  "i18nCelEffectsBrightness": "Kirkkaus",
  "i18nCelEffectsOutline": "Ääriviiva",
  "i18nCelEffectsStrength": "Voimakkuus",
  "i18nCelEffectsSmooth": "Pehmeä",
  "i18nScanlinesEffectNumber": "Tehoste {{Number}}",
  "i18nScanlinesEffectCustom": "Mukautettu",
  "i18nScanlinesColorBleedOpacity": "Värivuodon peittävyys",
  "i18nScanlinesMaskOpacity": "Maskin peittävyys",
  "i18nScanlinesDarkOpacity": "Tumman peittävyys",
  "i18nScanlinesLightOpacity": "Vaalean peittävyys",
  "i18nScanlinesOpacity": "Peittävyys",
  "i18nScanlinesBlur": "Sumennus",
  "i18nScanlinesLineThickness": "Viivan paksuus",
  "i18nScanlinesPostBlurBrightness": "Sumennuksen jälkeinen kirkkaus",
  "i18nScanlinesPostBlurSaturation": "Sumennuksen värikylläisyys",
  "i18nControllerId": "Langaton ohjain {{Id}}",
  "i18nControllerId4": "Langaton ohjain {{Id}}",
  "i18nControllerId5": "Langaton ohjain {{Id}}",
  "i18nControlsRemapControls": "Määritä komennot uudelleen",
  "i18nControlsCustomizeButtonAssignments": "Muokkaa näppäinmäärityksiä",
  "i18nControlsSelectButton": "Valitse näppäin muuttaaksesi sen määritystä.",
  "i18nControlsReset": "Nollaa",
  "i18nControlsApply": "Käytä",
  "i18nNavigateTimeline": "[CTRL_DPADLEFT][CTRL_DPADRIGHT] Liiku aikajanalla",
  "i18nCreateSave": "Luo tallennus",
  "i18nControlXAccept": "[CTRL_ENTER] Hyväksy",
  "i18nControlOCancel": "[CTRL_CANCEL] Peruuta",
  "i18nLoadSave": "Lataa tallennus",
  "i18nConfirmQuickSave": "Vahvista pikatallennus",
  "i18nConfirmResetAll": "Vahvista kaiken nollaus",
  "i18nPresetCustom": "Mukautettu",
  "i18nPresetDefault": "Oletus",
  "i18nControlSquareMinimizeUI": "[CTRL_SQUARE] Pienennä käyttöliittymä",
  "i18nControlSquareMaximizeUI": "[CTRL_SQUARE] Suurenna käyttöliittymä",
  "i18nFileSizeIntegerMegabytes": "{{value}} Mt",
  "i18nGameSaved": "Peli tallennettu",
  "i18nSaveDataTitleQuickSaves": "Pikatallennukset",
  "i18nSaveDataSubTitleQuickSaves": "Useita pikatallennuspaikkoja",
  "i18nSaveDataTitleApplication": "Sovellustiedot",
  "i18nSaveDataSubTitleApplication": "Pelin edistyminen ja käyttöliittymän ulkoasuasetukset",
  "i18nSaveDataTitleMemoryCards": "Muistikortit",
  "i18nSaveDataSubTitleMemoryCards": "Pelin edistymistiedot",
  "i18nTouchPadStartSelectHelp": "Käytä SELECT- ja START-näppäimiä kosketusalueen painiketta naksauttamalla",
  "i18nPressStart": "Paina START",
  "i18nOk": "OK",
  "i18nPressStartToPlay": "Pelaa painamalla START!",
  "i18nQuickSaveError": "Eri kieliasetus on ollut käytössä järjestelmässä pikatallennusta luotaessa. Vaihda järjestelmän kieli ladataksesi tämän pikatallennuksen.",
  "i18nChangeDisc": "Change Disc",
  "i18nDiscNumber": "Disc {{Number}}",
  "i18nDiscNumberText": "Disc {{Number}} {{Text}}",
  "i18nDiscChangeConfirm": "Change to Disc {{Number}}? All unsaved progress will be lost.",
  "i18nDiscChangeConfirmText": "Change to Disc {{Number}} {{Text}}? All unsaved progress will be lost."
}