{
  "i18nSelectRewindPoint": "Retour en arrière\n",
  "i18nQuickSaveOptions": "Charger/sauvegarder\n",
  "i18nQuickSaveTitle": "Charger/sauvegarder\n",
  "i18nGeneralSettings": "Paramètres",
  "i18nLoadQuickSave": "Charger",
  "i18nCreateQuickSave": "Sauvegarder",
  "i18nBack": "[CTRL_CANCEL] Retour",
  "i18nAccept": "[CTRL_ENTER] Accepter",
  "i18nTriangleCreateQuicksave": "[CTRL_TRIANGLE] Créer une sauvegarde rapide",
  "i18nTouchpadCreateQuicksave": "[CTRL_TOUCHPAD] Créer une sauvegarde rapide",
  "i18nSaveSlotNumber": "Emplacement {{SlotNumber}}",
  "i18nCreateNewSave": "+ Créer une nouvelle sauvegarde",
  "i18nDate": "Date",
  "i18nPlayTime": "Temps de jeu",
  "i18nFileSize": "Taille du fichier",
  "i18nTriangleReset": "[CTRL_TRIANGLE] Réinitialiser",
  "i18nTouchpadResetAll": "[CTRL_TRIANGLE] Tout réinitialiser",
  "i18nOverwriteSave": "Écraser cette sauvegarde ?",
  "i18nYes": "Oui",
  "i18nNo": "Non",
  "i18nSettingsTitle": "Paramètres",
  "i18nVisualPresets": "Préréglages visuels",
  "i18nVideo": "Vidéo",
  "i18nGraphics": "Graphismes",
  "i18nControls": "Commandes",
  "i18nPreset": "Préréglage",
  "i18nPresetRetroModern": "Rétro moderne",
  "i18nPresetRetroClassic": "Rétro classique",
  "i18nPresetModern": "Moderne",
  "i18nVideoPositionX": "Position X",
  "i18nVideoPositionY": "Position Y",
  "i18nVideoAspectRatio": "Format d'image",
  "i18nColorAdjustments": "Réglages des couleurs",
  "i18nColorAdjustmentsBrightness": "Luminosité",
  "i18nColorAdjustmentsContrast": "Contraste",
  "i18nColorAdjustmentsGamma": "Gamma",
  "i18nColorAdjustmentsHue": "Teinte",
  "i18nColorAdjustmentsSaturation": "Saturation",
  "i18nSquareMinimizeUi": "[CTRL_SQUARE] Réduire l'IU",
  "i18nEmptySave": "Sauvegarde vide",
  "i18nUpscaleFactor": "Facteur de mise à l'échelle",
  "i18nNoUpscale": "Pas de mise à l'échelle",
  "i18nMultiplierScale": "Échelle x{{Multiplier}}",
  "i18nAspectNativeResolution": "Résolution native",
  "i18nAspect1To1": "1:1",
  "i18nAspect43To1610": "4:3 pour 16:10",
  "i18nAspect43To169": "4:3 pour 16:9",
  "i18nAspectSquarePixels": "Pixels carrés",
  "i18nAspectWideZoomCropped": "Zoom large (recadré)",
  "i18nAspectWideZoomStretched": "Zoom large (étiré)",
  "i18nGraphicsFilter": "Filtre",
  "i18nGraphicsAntiAliasing": "Anti-aliasing",
  "i18nGraphicsLineThickness": "Épaisseur de ligne",
  "i18nGraphicsCelEffects": "Cel-shading\n",
  "i18nGraphicsScanlines": "Lignes de balayage",
  "i18nFilterNone": "Aucun",
  "i18nFilterBicubic": "Bicubique",
  "i18nFilterLanczos": "Lanczos",
  "i18nFilterCubic": "Cubique",
  "i18nAntiAliasingNone": "Aucun",
  "i18nAntiAliasingFxaa": "FXAA",
  "i18nAntiAliasingCmaa": "CMAA",
  "i18nCelEffectsShadingLevel": "Niveau d'ombrage",
  "i18nCelEffectsSaturation": "Saturation",
  "i18nCelEffectsBrightness": "Luminosité",
  "i18nCelEffectsOutline": "Contour",
  "i18nCelEffectsStrength": "Force",
  "i18nCelEffectsSmooth": "Fluidité",
  "i18nScanlinesEffectNumber": "Effet {{Number}}",
  "i18nScanlinesEffectCustom": "Personnalisé",
  "i18nScanlinesColorBleedOpacity": "Opacité du débordement de couleurs",
  "i18nScanlinesMaskOpacity": "Opacité du masque",
  "i18nScanlinesDarkOpacity": "Opacité sombre",
  "i18nScanlinesLightOpacity": "Opacité lumineuse",
  "i18nScanlinesOpacity": "Opacité",
  "i18nScanlinesBlur": "Flou",
  "i18nScanlinesLineThickness": "Épaisseur de ligne",
  "i18nScanlinesPostBlurBrightness": "Luminosité post-flou",
  "i18nScanlinesPostBlurSaturation": "Saturation du flou",
  "i18nControllerId": "Manette sans fil {{Id}}",
  "i18nControllerId4": "Manette sans fil {{Id}}",
  "i18nControllerId5": "Manette sans fil {{Id}}",
  "i18nControlsRemapControls": "Reconfigurer les commandes",
  "i18nControlsCustomizeButtonAssignments": "Personnaliser les affectations des touches",
  "i18nControlsSelectButton": "Sélectionnez une touche pour la réaffecter.",
  "i18nControlsReset": "Réinitialiser",
  "i18nControlsApply": "Appliquer",
  "i18nNavigateTimeline": "[CTRL_DPADLEFT][CTRL_DPADRIGHT] Parcourir la chronologie",
  "i18nCreateSave": "[CTRL_TOUCHPAD] Créer une sauvegarde",
  "i18nControlXAccept": "[CTRL_ENTER] Oui",
  "i18nControlOCancel": "[CTRL_CANCEL] Annuler",
  "i18nLoadSave": "Charger une sauvegarde",
  "i18nConfirmQuickSave": "Confirmer la sauvegarde rapide",
  "i18nConfirmResetAll": "Confirmer la réinitialisation totale",
  "i18nPresetCustom": "Personnalisés",
  "i18nPresetDefault": "Par défaut",
  "i18nControlSquareMinimizeUI": "[CTRL_SQUARE] Réduire l'IU",
  "i18nControlSquareMaximizeUI": "[CTRL_SQUARE] Agrandir l'IU",
  "i18nFileSizeIntegerMegabytes": "{{value}} Mo",
  "i18nGameSaved": "Partie sauvegardée",
  "i18nSaveDataTitleQuickSaves": "Sauvegardes rapides",
  "i18nSaveDataSubTitleQuickSaves": "Plusieurs emplacements de sauvegarde rapide",
  "i18nSaveDataTitleApplication": "Données d'application",
  "i18nSaveDataSubTitleApplication": "Progression de jeu et paramètres d'apparence de l'IU",
  "i18nSaveDataTitleMemoryCards": "Cartes mémoire",
  "i18nSaveDataSubTitleMemoryCards": "Données de progression du jeu",
  "i18nTouchPadStartSelectHelp": "Appuyez sur la touche pavé tactile pour utiliser les touches SELECT et START",
  "i18nPressStart": "Appuyez sur START",
  "i18nOk": "OK",
  "i18nPressStartToPlay": "Appuyez sur START pour jouer !",
  "i18nQuickSaveError": "La sauvegarde rapide a été crée avec un langage de système différent. Veuillez changer le langage du système afin de charger cette sauvegarde rapide.",
  "i18nChangeDisc": "Change Disc",
  "i18nDiscNumber": "Disc {{Number}}",
  "i18nDiscNumberText": "Disc {{Number}} {{Text}}",
  "i18nDiscChangeConfirm": "Change to Disc {{Number}}? All unsaved progress will be lost.",
  "i18nDiscChangeConfirmText": "Change to Disc {{Number}} {{Text}}? All unsaved progress will be lost."
}