{
  "i18nSelectRewindPoint": "Visszatekerés",
  "i18nQuickSaveOptions": "Betöltés és mentés",
  "i18nQuickSaveTitle": "Betöltés és mentés",
  "i18nGeneralSettings": "Beállítások",
  "i18nLoadQuickSave": "Betöltés",
  "i18nCreateQuickSave": "Mentés",
  "i18nBack": "[CTRL_CANCEL] Vissza",
  "i18nAccept": "[CTRL_ENTER] Elfogadás",
  "i18nTriangleCreateQuicksave": "[CTRL_TRIANGLE] Gyors mentés létrehozása",
  "i18nTouchpadCreateQuicksave": "[CTRL_TOUCHPAD] Gyors mentés létrehozása",
  "i18nSaveSlotNumber": "{{SlotNumber}}. hely",
  "i18nCreateNewSave": "+ Új mentés létrehozása",
  "i18nDate": "Dátum",
  "i18nPlayTime": "Játékidő",
  "i18nFileSize": "Fájlméret",
  "i18nTriangleReset": "[CTRL_TRIANGLE] Visszaállítás",
  "i18nTouchpadResetAll": "[CTRL_TOUCHPAD] Összes visszaállítása",
  "i18nOverwriteSave": "Felülírod ezt a mentést?",
  "i18nYes": "Igen",
  "i18nNo": "Nem",
  "i18nSettingsTitle": "Beállítások",
  "i18nVisualPresets": "Vizuális előbeállítások",
  "i18nVideo": "Videó",
  "i18nGraphics": "Grafika",
  "i18nControls": "Vezérlés",
  "i18nPreset": "Előbeállítás",
  "i18nPresetRetroModern": "Retró modern",
  "i18nPresetRetroClassic": "Retró klasszikus",
  "i18nPresetModern": "Modern",
  "i18nVideoPositionX": "X pozíció",
  "i18nVideoPositionY": "Y pozíció",
  "i18nVideoAspectRatio": "Képarány",
  "i18nColorAdjustments": "Színbeállítás",
  "i18nColorAdjustmentsBrightness": "Fényerő",
  "i18nColorAdjustmentsContrast": "Kontraszt",
  "i18nColorAdjustmentsGamma": "Gamma",
  "i18nColorAdjustmentsHue": "Árnyalat",
  "i18nColorAdjustmentsSaturation": "Telítettség",
  "i18nSquareMinimizeUi": "[CTRL_SQUARE] Kezelőfelület minimalizálása",
  "i18nEmptySave": "Üres hely",
  "i18nUpscaleFactor": "Felskálázási szorzó",
  "i18nNoUpscale": "Nincs felskálázás",
  "i18nMultiplierScale": "{{Multiplier}}x skálázás",
  "i18nAspectNativeResolution": "Natív felbontás",
  "i18nAspect1To1": "1:1",
  "i18nAspect43To1610": "4:3 16:10-re",
  "i18nAspect43To169": "4:3 16:9-re",
  "i18nAspectSquarePixels": "Négyzet alakú pixelek",
  "i18nAspectWideZoomCropped": "Széles zoom (levágva)",
  "i18nAspectWideZoomStretched": "Széles zoom (nyújtott)",
  "i18nGraphicsFilter": "Szűrő",
  "i18nGraphicsAntiAliasing": "Élsimítás",
  "i18nGraphicsLineThickness": "Vonalvastagság",
  "i18nGraphicsCelEffects": "Cel effektusok",
  "i18nGraphicsScanlines": "Letapogatási sorok",
  "i18nFilterNone": "Egyik sem",
  "i18nFilterBicubic": "Kettős köbös",
  "i18nFilterLanczos": "Lanczos",
  "i18nFilterCubic": "Köbös",
  "i18nAntiAliasingNone": "Egyik sem",
  "i18nAntiAliasingFxaa": "FXAA",
  "i18nAntiAliasingCmaa": "CMAA",
  "i18nCelEffectsShadingLevel": "Árnyékolási szint",
  "i18nCelEffectsSaturation": "Telítettség",
  "i18nCelEffectsBrightness": "Fényerő",
  "i18nCelEffectsOutline": "Körvonal",
  "i18nCelEffectsStrength": "Erősség",
  "i18nCelEffectsSmooth": "Simítás",
  "i18nScanlinesEffectNumber": "Hatás {{szám}}",
  "i18nScanlinesEffectCustom": "Egyéni",
  "i18nScanlinesColorBleedOpacity": "Színszivárgás átlátszósága",
  "i18nScanlinesMaskOpacity": "Kitakarási átlátszóság",
  "i18nScanlinesDarkOpacity": "Sötét átlátszóság",
  "i18nScanlinesLightOpacity": "Világos átlátszóság",
  "i18nScanlinesOpacity": "Átlátszóság",
  "i18nScanlinesBlur": "Elmosódottság",
  "i18nScanlinesLineThickness": "Vonalvastagság",
  "i18nScanlinesPostBlurBrightness": "Elmosódás fényereje",
  "i18nScanlinesPostBlurSaturation": "Elmosódás telítettsége",
  "i18nControllerId": "Vezeték nélküli vezérlő {{Id}}",
  "i18nControllerId4": "Vezeték nélküli vezérlő {{Id}}",
  "i18nControllerId5": "Vezeték nélküli vezérlő {{Id}}",
  "i18nControlsRemapControls": "Vezérlés konfigurálása",
  "i18nControlsCustomizeButtonAssignments": "Gombhozzárendelések testreszabása",
  "i18nControlsSelectButton": "Válassz egy gombot a hozzárendelés megváltoztatásához.",
  "i18nControlsReset": "Visszaállítás",
  "i18nControlsApply": "Alkalmazás",
  "i18nNavigateTimeline": "[CTRL_DPADLEFT][CTRL_DPADRIGHT] Navigáció az idővonalon",
  "i18nCreateSave": "Mentés létrehozása",
  "i18nControlXAccept": "[CTRL_ENTER] Igen",
  "i18nControlOCancel": "[CTRL_CANCEL] Mégse",
  "i18nLoadSave": "Mentés betöltése",
  "i18nConfirmQuickSave": "Gyors mentés megerősítése",
  "i18nConfirmResetAll": "Összes visszaállításának megerősítése",
  "i18nPresetCustom": "Egyéni",
  "i18nPresetDefault": "Alapértelmezett",
  "i18nControlSquareMinimizeUI": "[CTRL_SQUARE] Kezelőfelület minimalizálása",
  "i18nControlSquareMaximizeUI": "[CTRL_SQUARE] Kezelőfelület maximalizálása",
  "i18nFileSizeIntegerMegabytes": "{{value}} MB\n",
  "i18nGameSaved": "Sikeres mentés",
  "i18nSaveDataTitleQuickSaves": "Gyorsmentések",
  "i18nSaveDataSubTitleQuickSaves": "Több gyorsmentési hely",
  "i18nSaveDataTitleApplication": "Alkalmazásadatok",
  "i18nSaveDataSubTitleApplication": "Játék állása és a felhasználói felület megjelenési beállításai",
  "i18nSaveDataTitleMemoryCards": "Memóriakártyák",
  "i18nSaveDataSubTitleMemoryCards": "Játékmenet-előrehaladási adatok",
  "i18nTouchPadStartSelectHelp": "Kattints az érintőpanel gombra a SELECT gomb és a START gomb használatához",
  "i18nPressStart": "Nyomd meg a START gombot",
  "i18nOk": "OK",
  "i18nPressStartToPlay": "Nyomd meg a START gombot a játék indításához.",
  "i18nQuickSaveError": "A Gyors mentés egy másik rendszernyelv használatával jött létre. Kérjük, módosítsa a rendszer nyelvét a Gyors mentés betöltéséhez.",
  "i18nChangeDisc": "Change Disc",
  "i18nDiscNumber": "Disc {{Number}}",
  "i18nDiscNumberText": "Disc {{Number}} {{Text}}",
  "i18nDiscChangeConfirm": "Change to Disc {{Number}}? All unsaved progress will be lost.",
  "i18nDiscChangeConfirmText": "Change to Disc {{Number}} {{Text}}? All unsaved progress will be lost."
}