{
  "i18nSelectRewindPoint": "Putar Ulang",
  "i18nQuickSaveOptions": "Muat & Simpan",
  "i18nQuickSaveTitle": "Muat & Simpan",
  "i18nGeneralSettings": "Pengaturan",
  "i18nLoadQuickSave": "Muat",
  "i18nCreateQuickSave": "Simpan",
  "i18nBack": "[CTRL_CANCEL] Kembali",
  "i18nAccept": "[CTRL_ENTER] Terima",
  "i18nTriangleCreateQuicksave": "[CTRL_TRIANGLE] Buat Penyimpanan Cepat",
  "i18nTouchpadCreateQuicksave": "[CTRL_TOUCHPAD] Buat Penyimpanan Cepat",
  "i18nSaveSlotNumber": "Slot {{SlotNumber}}",
  "i18nCreateNewSave": "+ Buat Penyimpanan Baru",
  "i18nDate": "Tanggal",
  "i18nPlayTime": "Waktu Bermain",
  "i18nFileSize": "Ukuran File",
  "i18nTriangleReset": "[CTRL_TRIANGLE] Reset",
  "i18nTouchpadResetAll": "[CTRL_TRIANGLE] Reset Semua",
  "i18nOverwriteSave": "Yakin ingin menimpa file ini?",
  "i18nYes": "Ya",
  "i18nNo": "Tidak",
  "i18nSettingsTitle": "Pengaturan",
  "i18nVisualPresets": "Setelan Visual",
  "i18nVideo": "Video",
  "i18nGraphics": "Grafis",
  "i18nControls": "Kontrol",
  "i18nPreset": "Setelan",
  "i18nPresetRetroModern": "Retro Modern",
  "i18nPresetRetroClassic": "Retro Klasik",
  "i18nPresetModern": "Modern",
  "i18nVideoPositionX": "Posisi X",
  "i18nVideoPositionY": "Posisi Y",
  "i18nVideoAspectRatio": "Rasio Aspek",
  "i18nColorAdjustments": "Pengaturan Warna",
  "i18nColorAdjustmentsBrightness": "Kecerahan",
  "i18nColorAdjustmentsContrast": "Kontras",
  "i18nColorAdjustmentsGamma": "Gamma",
  "i18nColorAdjustmentsHue": "Hue",
  "i18nColorAdjustmentsSaturation": "Saturasi",
  "i18nSquareMinimizeUi": "[CTRL_SQUARE] Perkecil UI",
  "i18nEmptySave": "Penyimpanan Kosong",
  "i18nUpscaleFactor": "Faktor Upscaling",
  "i18nNoUpscale": "Tidak Ada Upscaling",
  "i18nMultiplierScale": "{{Multiplier}}x Skala",
  "i18nAspectNativeResolution": "Resolusi Asli",
  "i18nAspect1To1": "1:1",
  "i18nAspect43To1610": "4:3 untuk layar 16:10",
  "i18nAspect43To169": "4:3 untuk layar 16:9",
  "i18nAspectSquarePixels": "Piksel persegi",
  "i18nAspectWideZoomCropped": "Zoom Lebar (Dipotong)",
  "i18nAspectWideZoomStretched": "Zoom Lebar (Dilebarkan)",
  "i18nGraphicsFilter": "Filter",
  "i18nGraphicsAntiAliasing": "Anti-Aliasing",
  "i18nGraphicsLineThickness": "Ketebalan Garis",
  "i18nGraphicsCelEffects": "Efek Cel",
  "i18nGraphicsScanlines": "Scanline",
  "i18nFilterNone": "Tidak ada",
  "i18nFilterBicubic": "Bikubik",
  "i18nFilterLanczos": "Lanczos",
  "i18nFilterCubic": "Kubik",
  "i18nAntiAliasingNone": "Tidak ada",
  "i18nAntiAliasingFxaa": "FXAA",
  "i18nAntiAliasingCmaa": "CMAA",
  "i18nCelEffectsShadingLevel": "Tingkat Shading",
  "i18nCelEffectsSaturation": "Saturasi",
  "i18nCelEffectsBrightness": "Kecerahan",
  "i18nCelEffectsOutline": "Garis Tepi",
  "i18nCelEffectsStrength": "Kekuatan",
  "i18nCelEffectsSmooth": "Halus",
  "i18nScanlinesEffectNumber": "Efek {{Number}}",
  "i18nScanlinesEffectCustom": "Kustom",
  "i18nScanlinesColorBleedOpacity": "Opasitas Color Bleed",
  "i18nScanlinesMaskOpacity": "Opasitas Mask",
  "i18nScanlinesDarkOpacity": "Opasitas Gelap",
  "i18nScanlinesLightOpacity": "Opasitas Cahaya",
  "i18nScanlinesOpacity": "Opasitas",
  "i18nScanlinesBlur": "Blur",
  "i18nScanlinesLineThickness": "Ketebalan Garis",
  "i18nScanlinesPostBlurBrightness": "Kecerahan Post Blur",
  "i18nScanlinesPostBlurSaturation": "Saturasi Blur",
  "i18nControllerId": "Wireless Controller {{Id}}",
  "i18nControllerId4": "Wireless Controller {{Id}}",
  "i18nControllerId5": "Wireless Controller {{Id}}",
  "i18nControlsRemapControls": "Ubah Kontrol",
  "i18nControlsCustomizeButtonAssignments": "Ubah Fungsi Tombol",
  "i18nControlsSelectButton": "Pilih tombol untuk mengubah fungsinya.",
  "i18nControlsReset": "Reset",
  "i18nControlsApply": "Terapkan",
  "i18nNavigateTimeline": "[CTRL_DPADLEFT][CTRL_DPADRIGHT] Navigasi Timeline",
  "i18nCreateSave": "Buat Penyimpanan",
  "i18nControlXAccept": "[CTRL_ENTER] Ya",
  "i18nControlOCancel": "[CTRL_CANCEL] Batalkan",
  "i18nLoadSave": "Muat Penyimpanan",
  "i18nConfirmQuickSave": "Konfirmasi Penyimpanan Cepat",
  "i18nConfirmResetAll": "Konfirmasi Reset Semua",
  "i18nPresetCustom": "Kustom",
  "i18nPresetDefault": "Default",
  "i18nControlSquareMinimizeUI": "[CTRL_SQUARE] Perkecil UI",
  "i18nControlSquareMaximizeUI": "[CTRL_SQUARE] Perbesar UI",
  "i18nFileSizeIntegerMegabytes": "{{value}} MB",
  "i18nGameSaved": "Game Disimpan",
  "i18nSaveDataTitleQuickSaves": "Penyimpanan Cepat",
  "i18nSaveDataSubTitleQuickSaves": "Beberapa Slot Penyimpanan Cepat",
  "i18nSaveDataTitleApplication": "Data Aplikasi",
  "i18nSaveDataSubTitleApplication": "Pengaturan Kemajuan Permainan dan Tampilan UI",
  "i18nSaveDataTitleMemoryCards": "Kartu Memori",
  "i18nSaveDataSubTitleMemoryCards": "Data Kemajuan Gameplay",
  "i18nTouchPadStartSelectHelp": "Klik tombol papan sentuh untuk menggunakan tombol SELECT dan tombol START",
  "i18nPressStart": "Tekan START",
  "i18nOk": "OKE",
  "i18nPressStartToPlay": "Tekan START untuk main!",
  "i18nQuickSaveError": "Penyimpanan Cepat disimpan menggunakan sistem pengaturan bahasa yang berbeda. Silahkan lakukan perubahan sistem bahasa untuk melakukan Penyimpanan Cepat.",
  "i18nChangeDisc": "Change Disc",
  "i18nDiscNumber": "Disc {{Number}}",
  "i18nDiscNumberText": "Disc {{Number}} {{Text}}",
  "i18nDiscChangeConfirm": "Change to Disc {{Number}}? All unsaved progress will be lost.",
  "i18nDiscChangeConfirmText": "Change to Disc {{Number}} {{Text}}? All unsaved progress will be lost."
}