{
  "i18nSelectRewindPoint": "Riavvolgi",
  "i18nQuickSaveOptions": "Carica e salva",
  "i18nQuickSaveTitle": "Carica e salva",
  "i18nGeneralSettings": "Impostazioni",
  "i18nLoadQuickSave": "Carica",
  "i18nCreateQuickSave": "Salva",
  "i18nBack": "[CTRL_CANCEL] Indietro",
  "i18nAccept": "[CTRL_ENTER] Accetta",
  "i18nTriangleCreateQuicksave": "[CTRL_TRIANGLE] Crea salvataggio rapido",
  "i18nTouchpadCreateQuicksave": "[CTRL_TOUCHPAD] Crea salvataggio rapido",
  "i18nSaveSlotNumber": "Slot {{SlotNumber}}",
  "i18nCreateNewSave": "+ Crea nuovo salvataggio",
  "i18nDate": "Data",
  "i18nPlayTime": "Tempo di gioco",
  "i18nFileSize": "Dimensioni file",
  "i18nTriangleReset": "[CTRL_TRIANGLE] Reimposta",
  "i18nTouchpadResetAll": "[CTRL_TOUCHPAD] Reimposta tutto",
  "i18nOverwriteSave": "Sovrascrivere questo salvataggio?",
  "i18nYes": "Sì",
  "i18nNo": "No",
  "i18nSettingsTitle": "Impostazioni",
  "i18nVisualPresets": "Preset visivi",
  "i18nVideo": "Video",
  "i18nGraphics": "Grafica",
  "i18nControls": "Controlli",
  "i18nPreset": "Preset",
  "i18nPresetRetroModern": "Retro moderno",
  "i18nPresetRetroClassic": "Retro classico",
  "i18nPresetModern": "Moderno",
  "i18nVideoPositionX": "Posizione X",
  "i18nVideoPositionY": "Posizione Y",
  "i18nVideoAspectRatio": "Rapporto d'aspetto",
  "i18nColorAdjustments": "Regolazioni del colore",
  "i18nColorAdjustmentsBrightness": "Luminosità",
  "i18nColorAdjustmentsContrast": "Contrasto",
  "i18nColorAdjustmentsGamma": "Gamma",
  "i18nColorAdjustmentsHue": "Tonalità",
  "i18nColorAdjustmentsSaturation": "Saturazione",
  "i18nSquareMinimizeUi": "[CTRL_SQUARE] Contrai l'interfaccia",
  "i18nEmptySave": "Salvataggio vuoto",
  "i18nUpscaleFactor": "Moltiplicatore di scala",
  "i18nNoUpscale": "Nessun moltiplicatore",
  "i18nMultiplierScale": "Scala {{Multiplier}}x",
  "i18nAspectNativeResolution": "Risoluzione nativa",
  "i18nAspect1To1": "1:1",
  "i18nAspect43To1610": "4:3 per 16:10",
  "i18nAspect43To169": "4:3 per 16:9",
  "i18nAspectSquarePixels": "Pixel quadrati",
  "i18nAspectWideZoomCropped": "Zoom ampio (tagliato)",
  "i18nAspectWideZoomStretched": "Zoom ampio (allungato)",
  "i18nGraphicsFilter": "Filtro",
  "i18nGraphicsAntiAliasing": "Anti-Aliasing",
  "i18nGraphicsLineThickness": "Spessore della linea",
  "i18nGraphicsCelEffects": "Effetti Cel",
  "i18nGraphicsScanlines": "Linee di scansione",
  "i18nFilterNone": "Nessuno",
  "i18nFilterBicubic": "Bicubico",
  "i18nFilterLanczos": "Lanczos",
  "i18nFilterCubic": "Cubico",
  "i18nAntiAliasingNone": "Nessuno",
  "i18nAntiAliasingFxaa": "FXAA",
  "i18nAntiAliasingCmaa": "CMAA",
  "i18nCelEffectsShadingLevel": "Livello di ombreggiatura",
  "i18nCelEffectsSaturation": "Saturazione",
  "i18nCelEffectsBrightness": "Luminosità",
  "i18nCelEffectsOutline": "Contorno",
  "i18nCelEffectsStrength": "Intensità",
  "i18nCelEffectsSmooth": "Omogeneità",
  "i18nScanlinesEffectNumber": "Effetto {{Number}}",
  "i18nScanlinesEffectCustom": "Personalizzato",
  "i18nScanlinesColorBleedOpacity": "Opacità Color Bleed",
  "i18nScanlinesMaskOpacity": "Opacità maschera",
  "i18nScanlinesDarkOpacity": "Opacità scura",
  "i18nScanlinesLightOpacity": "Opacità chiara",
  "i18nScanlinesOpacity": "Opacità",
  "i18nScanlinesBlur": "Sfocatura",
  "i18nScanlinesLineThickness": "Spessore della linea",
  "i18nScanlinesPostBlurBrightness": "Luminosità post sfocatura",
  "i18nScanlinesPostBlurSaturation": "Saturazione sfocatura",
  "i18nControllerId": "Controller wireless {{Id}}",
  "i18nControllerId4": "Controller wireless {{Id}}",
  "i18nControllerId5": "Controller wireless {{Id}}",
  "i18nControlsRemapControls": "Rimappatura controlli",
  "i18nControlsCustomizeButtonAssignments": "Personalizza assegnazione tasti",
  "i18nControlsSelectButton": "Seleziona un tasto per cambiarne l'assegnazione.",
  "i18nControlsReset": "Reimposta",
  "i18nControlsApply": "Applica",
  "i18nNavigateTimeline": "[CTRL_DPADLEFT][CTRL_DPADRIGHT] Naviga la timeline",
  "i18nCreateSave": "Crea salvataggio",
  "i18nControlXAccept": "[CTRL_ENTER] Sì",
  "i18nControlOCancel": "[CTRL_CANCEL] Annulla",
  "i18nLoadSave": "Carica salvataggio",
  "i18nConfirmQuickSave": "Conferma salvataggio rapido",
  "i18nConfirmResetAll": "Conferma Reimposta tutto",
  "i18nPresetCustom": "Personalizzato",
  "i18nPresetDefault": "Predefinito",
  "i18nControlSquareMinimizeUI": "[CTRL_SQUARE] Contrai l'interfaccia",
  "i18nControlSquareMaximizeUI": "[CTRL_SQUARE] Espandi l'interfaccia",
  "i18nFileSizeIntegerMegabytes": "{{value}} MB",
  "i18nGameSaved": "Gioco salvato",
  "i18nSaveDataTitleQuickSaves": "Salvataggi rapidi",
  "i18nSaveDataSubTitleQuickSaves": "Slot multipli di salvataggio rapido",
  "i18nSaveDataTitleApplication": "Dati dell'applicazione",
  "i18nSaveDataSubTitleApplication": "Progressi nel gioco e impostazioni dell’interfaccia",
  "i18nSaveDataTitleMemoryCards": "Schede di memoria",
  "i18nSaveDataSubTitleMemoryCards": "Dati di progresso del gioco",
  "i18nTouchPadStartSelectHelp": "Fai clic sul pulsante touch pad per utilizzare il tasto SELECT e il tasto START",
  "i18nPressStart": "Premi START",
  "i18nOk": "OK",
  "i18nPressStartToPlay": "Premi START per giocare!",
  "i18nQuickSaveError": "Il salvataggio rapido è stato salvato utilizzando un'impostazione diversa della lingua del sistema. Si prega di cambiare la lingua del sistema per caricare questo salvataggio rapido.",
  "i18nChangeDisc": "Change Disc",
  "i18nDiscNumber": "Disc {{Number}}",
  "i18nDiscNumberText": "Disc {{Number}} {{Text}}",
  "i18nDiscChangeConfirm": "Change to Disc {{Number}}? All unsaved progress will be lost.",
  "i18nDiscChangeConfirmText": "Change to Disc {{Number}} {{Text}}? All unsaved progress will be lost."
}