{
  "i18nSelectRewindPoint": "巻き戻し",
  "i18nQuickSaveOptions": "ロード&セーブ",
  "i18nQuickSaveTitle": "ロード&セーブ",
  "i18nGeneralSettings": "設定",
  "i18nLoadQuickSave": "ロード",
  "i18nCreateQuickSave": "セーブ",
  "i18nBack": "[CTRL_CANCEL] 戻る",
  "i18nAccept": "[CTRL_ENTER] 決定",
  "i18nTriangleCreateQuicksave": "[CTRL_TRIANGLE] クイックセーブを作成",
  "i18nTouchpadCreateQuicksave": "[CTRL_TOUCHPAD] クイックセーブを作成",
  "i18nSaveSlotNumber": "スロット {{SlotNumber}}",
  "i18nCreateNewSave": "+ 新規セーブを作成",
  "i18nDate": "日付",
  "i18nPlayTime": "プレイ時間",
  "i18nFileSize": "ファイルサイズ",
  "i18nTriangleReset": "[CTRL_TRIANGLE] リセット",
  "i18nTouchpadResetAll": "[CTRL_TOUCHPAD] オールリセット",
  "i18nOverwriteSave": "このセーブデータに上書きしますか？",
  "i18nYes": "はい",
  "i18nNo": "いいえ",
  "i18nSettingsTitle": "設定",
  "i18nVisualPresets": "ビジュアルプリセット",
  "i18nVideo": "映像",
  "i18nGraphics": "グラフィック",
  "i18nControls": "コントロール",
  "i18nPreset": "プリセット",
  "i18nPresetRetroModern": "レトロモダン",
  "i18nPresetRetroClassic": "レトロクラシック",
  "i18nPresetModern": "モダン",
  "i18nVideoPositionX": "X軸位置",
  "i18nVideoPositionY": "Y軸位置",
  "i18nVideoAspectRatio": "アスペクト比",
  "i18nColorAdjustments": "カラー調整",
  "i18nColorAdjustmentsBrightness": "明るさ",
  "i18nColorAdjustmentsContrast": "コントラスト",
  "i18nColorAdjustmentsGamma": "ガンマ",
  "i18nColorAdjustmentsHue": "色相",
  "i18nColorAdjustmentsSaturation": "彩度",
  "i18nSquareMinimizeUi": "[CTRL_SQUARE] UI最小化",
  "i18nEmptySave": "空きスロット",
  "i18nUpscaleFactor": "アップスケーリング",
  "i18nNoUpscale": "アップスケーリングなし",
  "i18nMultiplierScale": "{{Multiplier}} x スケール",
  "i18nAspectNativeResolution": "ネイティブ解像度",
  "i18nAspect1To1": "1:1",
  "i18nAspect43To1610": "16:10",
  "i18nAspect43To169": "16:9",
  "i18nAspectSquarePixels": "正方形ピクセル",
  "i18nAspectWideZoomCropped": "ワイドズーム(クロップ)",
  "i18nAspectWideZoomStretched": "ワイドズーム(ストレッチ)",
  "i18nGraphicsFilter": "フィルター",
  "i18nGraphicsAntiAliasing": "アンチエイリアス",
  "i18nGraphicsLineThickness": "線の太さ",
  "i18nGraphicsCelEffects": "セルエフェクト",
  "i18nGraphicsScanlines": "スキャンライン",
  "i18nFilterNone": "なし",
  "i18nFilterBicubic": "双三次",
  "i18nFilterLanczos": "ランチョス法",
  "i18nFilterCubic": "三次",
  "i18nAntiAliasingNone": "なし",
  "i18nAntiAliasingFxaa": "FXAA",
  "i18nAntiAliasingCmaa": "CMAA",
  "i18nCelEffectsShadingLevel": "シェードレベル",
  "i18nCelEffectsSaturation": "彩度",
  "i18nCelEffectsBrightness": "明るさ",
  "i18nCelEffectsOutline": "アウトライン",
  "i18nCelEffectsStrength": "強さ",
  "i18nCelEffectsSmooth": "滑らかさ",
  "i18nScanlinesEffectNumber": "エフェクト {{Number}}",
  "i18nScanlinesEffectCustom": "カスタム",
  "i18nScanlinesColorBleedOpacity": "カラーブリーディング不透明度",
  "i18nScanlinesMaskOpacity": "マスク不透明度",
  "i18nScanlinesDarkOpacity": "影の不透明度",
  "i18nScanlinesLightOpacity": "光の不透明度",
  "i18nScanlinesOpacity": "不透明度",
  "i18nScanlinesBlur": "ブラー",
  "i18nScanlinesLineThickness": "線の太さ",
  "i18nScanlinesPostBlurBrightness": "ブラー後の明るさ",
  "i18nScanlinesPostBlurSaturation": "ブラーの彩度",
  "i18nControllerId": "ワイヤレスコントローラー {{Id}}",
  "i18nControllerId4": "ワイヤレスコントローラー {{Id}}",
  "i18nControllerId5": "ワイヤレスコントローラー {{Id}}",
  "i18nControlsRemapControls": "コントローラーのリマップ",
  "i18nControlsCustomizeButtonAssignments": "ボタン割り当てをカスタマイズ",
  "i18nControlsSelectButton": "ボタンを選択して、割り当てを変更します。",
  "i18nControlsReset": "リセット",
  "i18nControlsApply": "適用",
  "i18nNavigateTimeline": "[CTRL_DPADLEFT][CTRL_DPADRIGHT] タイムラインを表示",
  "i18nCreateSave": "セーブを作成",
  "i18nControlXAccept": "[CTRL_ENTER] 決定",
  "i18nControlOCancel": "[CTRL_CANCEL] キャンセル",
  "i18nLoadSave": "セーブデータをロード",
  "i18nConfirmQuickSave": "クイックセーブを実行",
  "i18nConfirmResetAll": "リセットオールを実行",
  "i18nPresetCustom": "カスタム",
  "i18nPresetDefault": "デフォルト",
  "i18nControlSquareMinimizeUI": "[CTRL_SQUARE] UI最小化",
  "i18nControlSquareMaximizeUI": "[CTRL_SQUARE] UI最大化",
  "i18nFileSizeIntegerMegabytes": "{{value}} MB",
  "i18nGameSaved": "セーブしたゲーム",
  "i18nSaveDataTitleQuickSaves": "クイックセーブ",
  "i18nSaveDataSubTitleQuickSaves": "複数クイックセーブスロット",
  "i18nSaveDataTitleApplication": "アプリケーションデータ",
  "i18nSaveDataSubTitleApplication": "ゲームの進行状況およびUI表示設定",
  "i18nSaveDataTitleMemoryCards": "メモリーカード",
  "i18nSaveDataSubTitleMemoryCards": "ゲーム進行状況データ",
  "i18nTouchPadStartSelectHelp": "SELECTボタンとSTARTボタンを使うには、タッチパッドボタンをクリックする",
  "i18nPressStart": "STARTを押す",
  "i18nOk": "OK",
  "i18nPressStartToPlay": "STARTを押してプレイ！",
  "i18nQuickSaveError": "クイックセーブデータは別のシステム言語で保存されています。このクイックセーブデータをロードするにはシステム言語を変更してください。",
  "i18nChangeDisc": "Change Disc",
  "i18nDiscNumber": "Disc {{Number}}",
  "i18nDiscNumberText": "Disc {{Number}} {{Text}}",
  "i18nDiscChangeConfirm": "Change to Disc {{Number}}? All unsaved progress will be lost.",
  "i18nDiscChangeConfirmText": "Change to Disc {{Number}} {{Text}}? All unsaved progress will be lost."
}