{
  "i18nSelectRewindPoint": "뒤로 감기",
  "i18nQuickSaveOptions": "불러오기 및 저장",
  "i18nQuickSaveTitle": "불러오기 및 저장",
  "i18nGeneralSettings": "설정",
  "i18nLoadQuickSave": "불러오기",
  "i18nCreateQuickSave": "저장",
  "i18nBack": "[CTRL_CANCEL] 뒤로",
  "i18nAccept": "[CTRL_ENTER] 결정",
  "i18nTriangleCreateQuicksave": "[CTRL_TRIANGLE] 빠른 저장",
  "i18nTouchpadCreateQuicksave": "[CTRL_TOUCHPAD] 빠른 저장",
  "i18nSaveSlotNumber": "슬롯 {{SlotNumber}}",
  "i18nCreateNewSave": "+ 새로 저장",
  "i18nDate": "날짜",
  "i18nPlayTime": "플레이 시간",
  "i18nFileSize": "파일 크기",
  "i18nTriangleReset": "[CTRL_TRIANGLE] 초기화",
  "i18nTouchpadResetAll": "[CTRL_TOUCHPAD] 모두 초기화",
  "i18nOverwriteSave": "이 저장 데이터를 덮어쓸까요?",
  "i18nYes": "예",
  "i18nNo": "아니요",
  "i18nSettingsTitle": "설정",
  "i18nVisualPresets": "비주얼 프리셋",
  "i18nVideo": "비디오",
  "i18nGraphics": "그래픽",
  "i18nControls": "컨트롤",
  "i18nPreset": "프리셋",
  "i18nPresetRetroModern": "레트로 모던",
  "i18nPresetRetroClassic": "레트로 클래식",
  "i18nPresetModern": "모던",
  "i18nVideoPositionX": "가로 위치 X",
  "i18nVideoPositionY": "세로 위치 Y",
  "i18nVideoAspectRatio": "종횡비",
  "i18nColorAdjustments": "색 조정",
  "i18nColorAdjustmentsBrightness": "밝기",
  "i18nColorAdjustmentsContrast": "대비",
  "i18nColorAdjustmentsGamma": "감마",
  "i18nColorAdjustmentsHue": "색상",
  "i18nColorAdjustmentsSaturation": "채도",
  "i18nSquareMinimizeUi": "[CTRL_SQUARE] UI 최소화",
  "i18nEmptySave": "빈 저장 공간",
  "i18nUpscaleFactor": "업스케일 팩터",
  "i18nNoUpscale": "업스케일 안 함",
  "i18nMultiplierScale": "{{Multiplier}}배 스케일",
  "i18nAspectNativeResolution": "기본 해상도",
  "i18nAspect1To1": "1:1",
  "i18nAspect43To1610": "16:10에 4:3",
  "i18nAspect43To169": "16:9에 4:3",
  "i18nAspectSquarePixels": "정사각형 픽셀",
  "i18nAspectWideZoomCropped": "와이드 줌(자름)",
  "i18nAspectWideZoomStretched": "와이드 줌(늘림)",
  "i18nGraphicsFilter": "필터",
  "i18nGraphicsAntiAliasing": "안티에일리어싱",
  "i18nGraphicsLineThickness": "선 굵기",
  "i18nGraphicsCelEffects": "셀 효과",
  "i18nGraphicsScanlines": "스캔라인",
  "i18nFilterNone": "없음",
  "i18nFilterBicubic": "쌍입방",
  "i18nFilterLanczos": "란초스",
  "i18nFilterCubic": "입방",
  "i18nAntiAliasingNone": "없음",
  "i18nAntiAliasingFxaa": "FXAA",
  "i18nAntiAliasingCmaa": "CMAA",
  "i18nCelEffectsShadingLevel": "음영 수준",
  "i18nCelEffectsSaturation": "채도",
  "i18nCelEffectsBrightness": "밝기",
  "i18nCelEffectsOutline": "윤곽",
  "i18nCelEffectsStrength": "강하게",
  "i18nCelEffectsSmooth": "부드럽게",
  "i18nScanlinesEffectNumber": "효과 {{Number}}",
  "i18nScanlinesEffectCustom": "사용자 지정",
  "i18nScanlinesColorBleedOpacity": "색 번짐 불투명도",
  "i18nScanlinesMaskOpacity": "마스크 불투명도",
  "i18nScanlinesDarkOpacity": "어둠 불투명도",
  "i18nScanlinesLightOpacity": "빛 불투명도",
  "i18nScanlinesOpacity": "불투명도",
  "i18nScanlinesBlur": "흐림",
  "i18nScanlinesLineThickness": "선 굵기",
  "i18nScanlinesPostBlurBrightness": "블러 후 밝기",
  "i18nScanlinesPostBlurSaturation": "블러 채도",
  "i18nControllerId": "무선 컨트롤러 {{Id}}",
  "i18nControllerId4": "무선 컨트롤러 {{Id}}",
  "i18nControllerId5": "무선 컨트롤러 {{Id}}",
  "i18nControlsRemapControls": "컨트롤 리매핑",
  "i18nControlsCustomizeButtonAssignments": "버튼 사용자 지정",
  "i18nControlsSelectButton": "버튼을 선택해 할당된 버튼을 변경하세요.",
  "i18nControlsReset": "초기화",
  "i18nControlsApply": "적용",
  "i18nNavigateTimeline": "[CTRL_DPADLEFT][CTRL_DPADRIGHT] 타임라인 탐색",
  "i18nCreateSave": "저장 데이터 만들기",
  "i18nControlXAccept": "[CTRL_ENTER] 결정",
  "i18nControlOCancel": "[CTRL_CANCEL] 취소",
  "i18nLoadSave": "저장 데이터 불러오기",
  "i18nConfirmQuickSave": "빠른 저장 확인",
  "i18nConfirmResetAll": "모두 초기화 확인",
  "i18nPresetCustom": "사용자 지정",
  "i18nPresetDefault": "기본값",
  "i18nControlSquareMinimizeUI": "[CTRL_SQUARE] UI 최소화",
  "i18nControlSquareMaximizeUI": "[CTRL_SQUARE] UI 최대화",
  "i18nFileSizeIntegerMegabytes": "{{value}}MB",
  "i18nGameSaved": "게임 저장됨",
  "i18nSaveDataTitleQuickSaves": "빠른 저장",
  "i18nSaveDataSubTitleQuickSaves": "빠른 저장 슬롯",
  "i18nSaveDataTitleApplication": "애플리케이션 데이터",
  "i18nSaveDataSubTitleApplication": "게임 진행 상황 및 UI 표시 설정",
  "i18nSaveDataTitleMemoryCards": "메모리 카드",
  "i18nSaveDataSubTitleMemoryCards": "게임 플레이 진행 상황 데이터",
  "i18nTouchPadStartSelectHelp": "SELECT 버튼 및 START 버튼을 사용하려면 터치패드 버튼을 클릭하세요",
  "i18nPressStart": "START 누르기",
  "i18nOk": "확인",
  "i18nPressStartToPlay": "플레이하려면 START를 누르세요!",
  "i18nQuickSaveError": "이 빠른 저장 데이터는 다른 시스템 언어에서 저장되었습니다. 빠른 저장을 불러오려면 시스템 언어를 변경하세요.",
  "i18nChangeDisc": "Change Disc",
  "i18nDiscNumber": "Disc {{Number}}",
  "i18nDiscNumberText": "Disc {{Number}} {{Text}}",
  "i18nDiscChangeConfirm": "Change to Disc {{Number}}? All unsaved progress will be lost.",
  "i18nDiscChangeConfirmText": "Change to Disc {{Number}} {{Text}}? All unsaved progress will be lost."
}