{
  "i18nSelectRewindPoint": "Terugspoelen",
  "i18nQuickSaveOptions": "Laden en opslaan",
  "i18nQuickSaveTitle": "Laden en opslaan",
  "i18nGeneralSettings": "Instellingen",
  "i18nLoadQuickSave": "Laden",
  "i18nCreateQuickSave": "Opslaan",
  "i18nBack": "[CTRL_CANCEL] Terug",
  "i18nAccept": "[CTRL_ENTER] OK",
  "i18nTriangleCreateQuicksave": "[CTRL_TRIANGLE] Snel opslaan",
  "i18nTouchpadCreateQuicksave": "[CTRL_TOUCHPAD] Snel opslaan",
  "i18nSaveSlotNumber": "Vak {{SlotNumber}}",
  "i18nCreateNewSave": "+ Nieuw opslagbestand",
  "i18nDate": "Datum",
  "i18nPlayTime": "Speeltijd",
  "i18nFileSize": "Bestandsgrootte",
  "i18nTriangleReset": "[CTRL_TRIANGLE] Resetten",
  "i18nTouchpadResetAll": "[CTRL_TOUCHPAD] Alles resetten",
  "i18nOverwriteSave": "Dit opslagbestand overschrijven?",
  "i18nYes": "Ja",
  "i18nNo": "Nee",
  "i18nSettingsTitle": "Instellingen",
  "i18nVisualPresets": "Visuele presets",
  "i18nVideo": "Video",
  "i18nGraphics": "Graphics",
  "i18nControls": "Besturing",
  "i18nPreset": "Preset",
  "i18nPresetRetroModern": "Retro modern",
  "i18nPresetRetroClassic": "Retro klassiek",
  "i18nPresetModern": "Modern",
  "i18nVideoPositionX": "Positie X",
  "i18nVideoPositionY": "Positie Y",
  "i18nVideoAspectRatio": "Beeldverhouding",
  "i18nColorAdjustments": "Kleuraanpassingen",
  "i18nColorAdjustmentsBrightness": "Helderheid",
  "i18nColorAdjustmentsContrast": "Contrast",
  "i18nColorAdjustmentsGamma": "Gamma",
  "i18nColorAdjustmentsHue": "Tint",
  "i18nColorAdjustmentsSaturation": "Verzadiging",
  "i18nSquareMinimizeUi": "[CTRL_SQUARE] Interface minimaliseren",
  "i18nEmptySave": "Leeg opslagbestand",
  "i18nUpscaleFactor": "Opwaardeerfactor",
  "i18nNoUpscale": "Niet opwaarderen",
  "i18nMultiplierScale": "{{Multiplier}}x opwaarderen",
  "i18nAspectNativeResolution": "Oorspronkelijke resolutie",
  "i18nAspect1To1": "1:1",
  "i18nAspect43To1610": "4:3 voor 16:10",
  "i18nAspect43To169": "4:3 voor 16:9",
  "i18nAspectSquarePixels": "Vierkante pixels",
  "i18nAspectWideZoomCropped": "Zoom breed (gesneden)",
  "i18nAspectWideZoomStretched": "Zoom breed (opgerekt)",
  "i18nGraphicsFilter": "Filter",
  "i18nGraphicsAntiAliasing": "Anti-aliasing",
  "i18nGraphicsLineThickness": "Lijndikte",
  "i18nGraphicsCelEffects": "Cel-effecten",
  "i18nGraphicsScanlines": "Scanlijnen",
  "i18nFilterNone": "Geen",
  "i18nFilterBicubic": "Bicubisch",
  "i18nFilterLanczos": "Lanczos",
  "i18nFilterCubic": "Cubisch",
  "i18nAntiAliasingNone": "Geen",
  "i18nAntiAliasingFxaa": "FXAA",
  "i18nAntiAliasingCmaa": "CMAA",
  "i18nCelEffectsShadingLevel": "Shading-niveau",
  "i18nCelEffectsSaturation": "Verzadiging",
  "i18nCelEffectsBrightness": "Helderheid",
  "i18nCelEffectsOutline": "Omtrek",
  "i18nCelEffectsStrength": "Kracht",
  "i18nCelEffectsSmooth": "Vloeiend maken",
  "i18nScanlinesEffectNumber": "Effect {{Number}}",
  "i18nScanlinesEffectCustom": "Aangepast",
  "i18nScanlinesColorBleedOpacity": "Dekking kleurafloop",
  "i18nScanlinesMaskOpacity": "Dekking masker",
  "i18nScanlinesDarkOpacity": "Donkere dekking",
  "i18nScanlinesLightOpacity": "Lichte dekking",
  "i18nScanlinesOpacity": "Dekking",
  "i18nScanlinesBlur": "Vervagen",
  "i18nScanlinesLineThickness": "Lijndikte",
  "i18nScanlinesPostBlurBrightness": "Helderheid na vervagen",
  "i18nScanlinesPostBlurSaturation": "Verzadiging van vervagen",
  "i18nControllerId": "Draadloze controller {{Id}}",
  "i18nControllerId4": "Draadloze controller {{Id}}",
  "i18nControllerId5": "Draadloze controller {{Id}}",
  "i18nControlsRemapControls": "Besturing toewijzen",
  "i18nControlsCustomizeButtonAssignments": "Toewijzingen aanpassen",
  "i18nControlsSelectButton": "Selecteer een toets om er een functie aan toe te wijzen.",
  "i18nControlsReset": "Resetten",
  "i18nControlsApply": "Toepassen",
  "i18nNavigateTimeline": "[CTRL_DPADLEFT][CTRL_DPADRIGHT] Door tijdlijn navigeren",
  "i18nCreateSave": "Opslagbestand maken",
  "i18nControlXAccept": "[CTRL_ENTER] Ja",
  "i18nControlOCancel": "[CTRL_CANCEL] Annuleren",
  "i18nLoadSave": "Opslagbestand laden",
  "i18nConfirmQuickSave": "Snel opslaan bevestigen",
  "i18nConfirmResetAll": "Alles resetten bevestigen",
  "i18nPresetCustom": "Aangepast",
  "i18nPresetDefault": "Standaard",
  "i18nControlSquareMinimizeUI": "[CTRL_SQUARE] Interface minimaliseren",
  "i18nControlSquareMaximizeUI": "[CTRL_SQUARE] Interface maximaliseren",
  "i18nFileSizeIntegerMegabytes": "{{value}} MB",
  "i18nGameSaved": "Game opgeslagen",
  "i18nSaveDataTitleQuickSaves": "Snel opslaan",
  "i18nSaveDataSubTitleQuickSaves": "Meerdere vakken voor Snel opslaan",
  "i18nSaveDataTitleApplication": "Toepassingsdata",
  "i18nSaveDataSubTitleApplication": "Spelvoortgang en UI Instellingen",
  "i18nSaveDataTitleMemoryCards": "Geheugenkaarten",
  "i18nSaveDataSubTitleMemoryCards": "Voortgangsdata gameplay",
  "i18nTouchPadStartSelectHelp": "Klik op de touchpad-toets om de SELECT-toets en START-toets te gebruiken",
  "i18nPressStart": "Druk op START",
  "i18nOk": "OK",
  "i18nPressStartToPlay": "Druk op START om te spelen!",
  "i18nQuickSaveError": "De snelle opslag is opgeslagen met een andere systeemtaalinstelling. Wijzig de systeemtaal om deze snelle opslag te laden.",
  "i18nChangeDisc": "Change Disc",
  "i18nDiscNumber": "Disc {{Number}}",
  "i18nDiscNumberText": "Disc {{Number}} {{Text}}",
  "i18nDiscChangeConfirm": "Change to Disc {{Number}}? All unsaved progress will be lost.",
  "i18nDiscChangeConfirmText": "Change to Disc {{Number}} {{Text}}? All unsaved progress will be lost."
}