{
  "i18nSelectRewindPoint": "Spol tilbake",
  "i18nQuickSaveOptions": "Innlasting og lagring",
  "i18nQuickSaveTitle": "Innlasting og lagring",
  "i18nGeneralSettings": "Innstillinger",
  "i18nLoadQuickSave": "Last inn",
  "i18nCreateQuickSave": "Lagre",
  "i18nBack": "[CTRL_CANCEL] Tilbake",
  "i18nAccept": "[CTRL_ENTER] Godta",
  "i18nTriangleCreateQuicksave": "[CTRL_TRIANGLE] Lag hurtiglagring",
  "i18nTouchpadCreateQuicksave": "[CTRL_TOUCHPAD] Lag hurtiglagring",
  "i18nSaveSlotNumber": "Plass {{SlotNumber}}",
  "i18nCreateNewSave": "+ Lag ny lagring",
  "i18nDate": "Dato",
  "i18nPlayTime": "Spilletid",
  "i18nFileSize": "Filstørrelse",
  "i18nTriangleReset": "[CTRL_TRIANGLE] Tilbakestill",
  "i18nTouchpadResetAll": "[CTRL_TRIANGLE] Tilbakestill alle",
  "i18nOverwriteSave": "Vil du overskrive denne lagringen?",
  "i18nYes": "Ja",
  "i18nNo": "Nei",
  "i18nSettingsTitle": "Innstillinger",
  "i18nVisualPresets": "Visuelle forhåndsinnstillinger",
  "i18nVideo": "Video",
  "i18nGraphics": "Grafikk",
  "i18nControls": "Kontroller",
  "i18nPreset": "Forhåndsinnstilling",
  "i18nPresetRetroModern": "Retro-moderne",
  "i18nPresetRetroClassic": "Retro-klassisk",
  "i18nPresetModern": "Moderne",
  "i18nVideoPositionX": "Posisjon X",
  "i18nVideoPositionY": "Posisjon Y",
  "i18nVideoAspectRatio": "Sideforhold",
  "i18nColorAdjustments": "Fargejustering",
  "i18nColorAdjustmentsBrightness": "Lysstyrke",
  "i18nColorAdjustmentsContrast": "Kontrast",
  "i18nColorAdjustmentsGamma": "Gamma",
  "i18nColorAdjustmentsHue": "Fargetone",
  "i18nColorAdjustmentsSaturation": "Metning",
  "i18nSquareMinimizeUi": "[CTRL_SQUARE] Minimer UI",
  "i18nEmptySave": "Tom lagring",
  "i18nUpscaleFactor": "Oppskaleringsfaktor",
  "i18nNoUpscale": "Ingen oppskalering",
  "i18nMultiplierScale": "{{Multiplier}}x skala",
  "i18nAspectNativeResolution": "Opprinnelig oppløsning",
  "i18nAspect1To1": "1:1",
  "i18nAspect43To1610": "4:3 for 16:10",
  "i18nAspect43To169": "4:3 for 16:9",
  "i18nAspectSquarePixels": "Firkantede piksler",
  "i18nAspectWideZoomCropped": "Bred zoom (beskåret)",
  "i18nAspectWideZoomStretched": "Bred zoom (strukket)",
  "i18nGraphicsFilter": "Filter",
  "i18nGraphicsAntiAliasing": "Antialiasing",
  "i18nGraphicsLineThickness": "Linjetykkelse",
  "i18nGraphicsCelEffects": "Celleeffekter",
  "i18nGraphicsScanlines": "Avsøkingslinjer",
  "i18nFilterNone": "Ingen",
  "i18nFilterBicubic": "Bikubisk",
  "i18nFilterLanczos": "Lanczos",
  "i18nFilterCubic": "Kubisk",
  "i18nAntiAliasingNone": "Ingen",
  "i18nAntiAliasingFxaa": "FXAA",
  "i18nAntiAliasingCmaa": "CMAA",
  "i18nCelEffectsShadingLevel": "Skyggeleggingsnivå",
  "i18nCelEffectsSaturation": "Metning",
  "i18nCelEffectsBrightness": "Lysstyrke",
  "i18nCelEffectsOutline": "Omriss",
  "i18nCelEffectsStrength": "Styrke",
  "i18nCelEffectsSmooth": "Glatt",
  "i18nScanlinesEffectNumber": "Effekt {{Number}}",
  "i18nScanlinesEffectCustom": "Egendefinert",
  "i18nScanlinesColorBleedOpacity": "Fargeutflytningsopasitet",
  "i18nScanlinesMaskOpacity": "Maskeopasitet",
  "i18nScanlinesDarkOpacity": "Mørk opasitet",
  "i18nScanlinesLightOpacity": "Lys opasitet",
  "i18nScanlinesOpacity": "Opasitet",
  "i18nScanlinesBlur": "Uskarphet",
  "i18nScanlinesLineThickness": "Linjetykkelse",
  "i18nScanlinesPostBlurBrightness": "Lysstyrke etter bruk av uskarphet",
  "i18nScanlinesPostBlurSaturation": "Uskarphetsmetning",
  "i18nControllerId": "Trådløs kontroller {{Id}}",
  "i18nControllerId4": "Trådløs kontroller {{Id}}",
  "i18nControllerId5": "Trådløs kontroller {{Id}}",
  "i18nControlsRemapControls": "Omprogrammer kontroller",
  "i18nControlsCustomizeButtonAssignments": "Tilpass knappetilordninger",
  "i18nControlsSelectButton": "Velg en knapp for å tilordne en ny handling.",
  "i18nControlsReset": "Tilbakestill",
  "i18nControlsApply": "Bruk",
  "i18nNavigateTimeline": "[CTRL_DPADLEFT][CTRL_DPADRIGHT] Naviger i tidslinje",
  "i18nCreateSave": "Lag lagring",
  "i18nControlXAccept": "[CTRL_ENTER] Ja",
  "i18nControlOCancel": "[CTRL_CANCEL] Avbryt",
  "i18nLoadSave": "Last inn lagring",
  "i18nConfirmQuickSave": "Bekreft hurtiglagring",
  "i18nConfirmResetAll": "Bekreft tilbakestilling av alle",
  "i18nPresetCustom": "Egendefinert",
  "i18nPresetDefault": "Standard",
  "i18nControlSquareMinimizeUI": "[CTRL_SQUARE] Minimer UI",
  "i18nControlSquareMaximizeUI": "[CTRL_SQUARE] Maksimer UI",
  "i18nFileSizeIntegerMegabytes": "{{value}} MB",
  "i18nGameSaved": "Spill lagret",
  "i18nSaveDataTitleQuickSaves": "Hurtiglagringer",
  "i18nSaveDataSubTitleQuickSaves": "Flere hurtiglagringsplasser",
  "i18nSaveDataTitleApplication": "Applikasjonsdata",
  "i18nSaveDataSubTitleApplication": "Spillfremdrift og innstillinger for grensesnittets utseende",
  "i18nSaveDataTitleMemoryCards": "Minnekort",
  "i18nSaveDataSubTitleMemoryCards": "Fremdriftsdata",
  "i18nTouchPadStartSelectHelp": "Trykk på styreplateknappen for å bruke SELECT-knappen og START-knappen.",
  "i18nPressStart": "Trykk på START",
  "i18nOk": "OK",
  "i18nPressStartToPlay": "Trykk på START for å spille!",
  "i18nQuickSaveError": "Hurtiglagringen ble gjort med et annet systemspråk. Bytt systemspråket for å laste inn denne hurtiglagringen.",
  "i18nChangeDisc": "Change Disc",
  "i18nDiscNumber": "Disc {{Number}}",
  "i18nDiscNumberText": "Disc {{Number}} {{Text}}",
  "i18nDiscChangeConfirm": "Change to Disc {{Number}}? All unsaved progress will be lost.",
  "i18nDiscChangeConfirmText": "Change to Disc {{Number}} {{Text}}? All unsaved progress will be lost."
}