{
  "i18nSelectRewindPoint": "Cofnij",
  "i18nQuickSaveOptions": "Wczytywanie i zapisywanie",
  "i18nQuickSaveTitle": "Wczytywanie i zapisywanie",
  "i18nGeneralSettings": "Ustawienia",
  "i18nLoadQuickSave": "Wczytaj",
  "i18nCreateQuickSave": "Zapisz",
  "i18nBack": "[CTRL_CANCEL] Wstecz",
  "i18nAccept": "[CTRL_ENTER] Akceptuj",
  "i18nTriangleCreateQuicksave": "[CTRL_TRIANGLE] Stwórz szybki zapis",
  "i18nTouchpadCreateQuicksave": "[CTRL_TOUCHPAD] Stwórz szybki zapis",
  "i18nSaveSlotNumber": "Miejsce {{SlotNumber}}",
  "i18nCreateNewSave": "+ Stwórz nowy zapis",
  "i18nDate": "Data",
  "i18nPlayTime": "Czas w grze",
  "i18nFileSize": "Rozmiar pliku",
  "i18nTriangleReset": "[CTRL_TRIANGLE] Reset",
  "i18nTouchpadResetAll": "[CTRL_TOUCHPAD] Reset wszystkich ustawień",
  "i18nOverwriteSave": "Zastąpić ten zapis nowym?",
  "i18nYes": "Tak",
  "i18nNo": "Nie",
  "i18nSettingsTitle": "Ustawienia",
  "i18nVisualPresets": "Predefiniowane ustawienia wizualne",
  "i18nVideo": "Obraz",
  "i18nGraphics": "Grafika",
  "i18nControls": "Sterowanie",
  "i18nPreset": "Ustawienie predefiniowane",
  "i18nPresetRetroModern": "Nowoczesne retro",
  "i18nPresetRetroClassic": "Klasyczne retro",
  "i18nPresetModern": "Nowoczesne",
  "i18nVideoPositionX": "Pozycja na osi X",
  "i18nVideoPositionY": "Pozycja na osi Y",
  "i18nVideoAspectRatio": "Format obrazu",
  "i18nColorAdjustments": "Dostosowywanie kolorów",
  "i18nColorAdjustmentsBrightness": "Jasność",
  "i18nColorAdjustmentsContrast": "Kontrast",
  "i18nColorAdjustmentsGamma": "Gamma",
  "i18nColorAdjustmentsHue": "Barwa",
  "i18nColorAdjustmentsSaturation": "Nasycenie",
  "i18nSquareMinimizeUi": "[CTRL_SQUARE] Minimalizuj interfejs",
  "i18nEmptySave": "Pusty zapis",
  "i18nUpscaleFactor": "Skalowanie",
  "i18nNoUpscale": "Wyłączone",
  "i18nMultiplierScale": "{{Multiplier}}x",
  "i18nAspectNativeResolution": "Rozdzielczość natywna",
  "i18nAspect1To1": "1:1",
  "i18nAspect43To1610": "4:3 dla ekranu 16:10",
  "i18nAspect43To169": "4:3 dla ekranu 16:9",
  "i18nAspectSquarePixels": "Piksele kwadratowe",
  "i18nAspectWideZoomCropped": "Rozszerzony (przycięty)",
  "i18nAspectWideZoomStretched": "Rozszerzony (rozciągnięty)",
  "i18nGraphicsFilter": "Filtr",
  "i18nGraphicsAntiAliasing": "Antyaliasing",
  "i18nGraphicsLineThickness": "Grubość linii",
  "i18nGraphicsCelEffects": "Efekty kreskówkowe",
  "i18nGraphicsScanlines": "Linie skanowania",
  "i18nFilterNone": "Brak",
  "i18nFilterBicubic": "Dwusześcienny",
  "i18nFilterLanczos": "Lanczos",
  "i18nFilterCubic": "Sześcienny",
  "i18nAntiAliasingNone": "Brak",
  "i18nAntiAliasingFxaa": "FXAA",
  "i18nAntiAliasingCmaa": "CMAA",
  "i18nCelEffectsShadingLevel": "Poziom cieniowania",
  "i18nCelEffectsSaturation": "Nasycenie",
  "i18nCelEffectsBrightness": "Jasność",
  "i18nCelEffectsOutline": "Kontur",
  "i18nCelEffectsStrength": "Intensywność",
  "i18nCelEffectsSmooth": "Łagodne",
  "i18nScanlinesEffectNumber": "Efekt {{Number}}",
  "i18nScanlinesEffectCustom": "Własne",
  "i18nScanlinesColorBleedOpacity": "Wpływ koloru na otoczenie – nieprzezroczystość",
  "i18nScanlinesMaskOpacity": "Maskowanie – nieprzezroczystość",
  "i18nScanlinesDarkOpacity": "Czernie – nieprzezroczystość",
  "i18nScanlinesLightOpacity": "Biele – nieprzezroczystość",
  "i18nScanlinesOpacity": "Nieprzezroczystość",
  "i18nScanlinesBlur": "Rozmycie",
  "i18nScanlinesLineThickness": "Grubość linii",
  "i18nScanlinesPostBlurBrightness": "Jasność rozmycia",
  "i18nScanlinesPostBlurSaturation": "Nasycenie rozmycia",
  "i18nControllerId": "Kontroler Bezprzewodowy {{Id}}",
  "i18nControllerId4": "Kontroler Bezprzewodowy {{Id}}",
  "i18nControllerId5": "Kontroler Bezprzewodowy {{Id}}",
  "i18nControlsRemapControls": "Zmień sterowanie",
  "i18nControlsCustomizeButtonAssignments": "Personalizuj przypisanie przycisków",
  "i18nControlsSelectButton": "Wybierz przycisk, by zmienić jego przypisanie.",
  "i18nControlsReset": "Reset",
  "i18nControlsApply": "Zastosuj",
  "i18nNavigateTimeline": "[CTRL_DPADLEFT][CTRL_DPADRIGHT] Poruszanie się po osi czasu",
  "i18nCreateSave": "Stwórz zapis",
  "i18nControlXAccept": "[CTRL_ENTER] Tak",
  "i18nControlOCancel": "[CTRL_CANCEL] Anuluj",
  "i18nLoadSave": "Wczytaj zapis",
  "i18nConfirmQuickSave": "Potwierdź szybki zapis",
  "i18nConfirmResetAll": "Potwierdź reset wszystkich ustawień",
  "i18nPresetCustom": "Własne",
  "i18nPresetDefault": "Domyślne",
  "i18nControlSquareMinimizeUI": "[CTRL_SQUARE] Minimalizuj interfejs",
  "i18nControlSquareMaximizeUI": "[CTRL_SQUARE] Maksymalizuj interfejs",
  "i18nFileSizeIntegerMegabytes": "{{value}} MB",
  "i18nGameSaved": "Zapisano grę",
  "i18nSaveDataTitleQuickSaves": "Szybkie zapisy",
  "i18nSaveDataSubTitleQuickSaves": "Kilka miejsc na szybki zapis",
  "i18nSaveDataTitleApplication": "Dane aplikacji",
  "i18nSaveDataSubTitleApplication": "Postępy w grze i ustawienia interfejsu użytkownika",
  "i18nSaveDataTitleMemoryCards": "Karty pamięci",
  "i18nSaveDataSubTitleMemoryCards": "Dane postępów w rozgrywce",
  "i18nTouchPadStartSelectHelp": "Wciśnij przycisk panelu dotykowego, by użyć przycisku SELECT i przycisku START",
  "i18nPressStart": "Wciśnij START",
  "i18nOk": "OK",
  "i18nPressStartToPlay": "Wciśnij START, aby rozpocząć grę!",
  "i18nQuickSaveError": "Szybki zapis został wykonany przy użyciu innego języka systemowego. Proszę zmienić język systemu aby wczytać ten szybki zapis.",
  "i18nChangeDisc": "Change Disc",
  "i18nDiscNumber": "Disc {{Number}}",
  "i18nDiscNumberText": "Disc {{Number}} {{Text}}",
  "i18nDiscChangeConfirm": "Change to Disc {{Number}}? All unsaved progress will be lost.",
  "i18nDiscChangeConfirmText": "Change to Disc {{Number}} {{Text}}? All unsaved progress will be lost."
}