{
  "i18nSelectRewindPoint": "Retroceder",
  "i18nQuickSaveOptions": "Carregar e salvar",
  "i18nQuickSaveTitle": "Carregar e salvar",
  "i18nGeneralSettings": "Configurações",
  "i18nLoadQuickSave": "Carregar",
  "i18nCreateQuickSave": "Salvar",
  "i18nBack": "[CTRL_CANCEL] Voltar",
  "i18nAccept": "[CTRL_ENTER] Aceitar",
  "i18nTriangleCreateQuicksave": "[CTRL_TRIANGLE] Criar salvamento rápido",
  "i18nTouchpadCreateQuicksave": "[CTRL_TOUCHPAD] Criar salvamento rápido",
  "i18nSaveSlotNumber": "Espaço {{SlotNumber}}",
  "i18nCreateNewSave": "+ Criar novo jogo salvo",
  "i18nDate": "Data",
  "i18nPlayTime": "Tempo de jogo",
  "i18nFileSize": "Tam. do arquivo",
  "i18nTriangleReset": "[CTRL_TRIANGLE] Redefinir",
  "i18nTouchpadResetAll": "[CTRL_TOUCHPAD] Redefinir tudo",
  "i18nOverwriteSave": "Substituir este jogo salvo?",
  "i18nYes": "Sim",
  "i18nNo": "Não",
  "i18nSettingsTitle": "Configurações",
  "i18nVisualPresets": "Predefinições visuais",
  "i18nVideo": "Vídeo",
  "i18nGraphics": "Gráficos",
  "i18nControls": "Controles",
  "i18nPreset": "Predefinição",
  "i18nPresetRetroModern": "Retrô moderno",
  "i18nPresetRetroClassic": "Retrô clássico",
  "i18nPresetModern": "Moderno",
  "i18nVideoPositionX": "Posição X",
  "i18nVideoPositionY": "Posição Y",
  "i18nVideoAspectRatio": "Taxa de proporção",
  "i18nColorAdjustments": "Ajustes de cor",
  "i18nColorAdjustmentsBrightness": "Brilho",
  "i18nColorAdjustmentsContrast": "Contraste",
  "i18nColorAdjustmentsGamma": "Gama",
  "i18nColorAdjustmentsHue": "Matiz",
  "i18nColorAdjustmentsSaturation": "Saturação",
  "i18nSquareMinimizeUi": "[CTRL_SQUARE] Minimizar interface",
  "i18nEmptySave": "Espaço disponível",
  "i18nUpscaleFactor": "Fator de aumento de resolução",
  "i18nNoUpscale": "Sem aumento de resolução",
  "i18nMultiplierScale": "Aumento de {{Multiplier}}x",
  "i18nAspectNativeResolution": "Resolução nativa",
  "i18nAspect1To1": "1:1",
  "i18nAspect43To1610": "4:3 para 16:10",
  "i18nAspect43To169": "4:3 para 16:9",
  "i18nAspectSquarePixels": "Pixels quadrados",
  "i18nAspectWideZoomCropped": "Zoom panorâmico (imagem cortada)",
  "i18nAspectWideZoomStretched": "Zoom panorâmico (estendido)",
  "i18nGraphicsFilter": "Filtro",
  "i18nGraphicsAntiAliasing": "Suavização",
  "i18nGraphicsLineThickness": "Espessura da linha",
  "i18nGraphicsCelEffects": "Efeitos de sombreamento",
  "i18nGraphicsScanlines": "Linhas de varredura",
  "i18nFilterNone": "Nenhum",
  "i18nFilterBicubic": "Bicúbico",
  "i18nFilterLanczos": "Lanczos",
  "i18nFilterCubic": "Cúbico",
  "i18nAntiAliasingNone": "Nenhum",
  "i18nAntiAliasingFxaa": "FXAA",
  "i18nAntiAliasingCmaa": "CMAA",
  "i18nCelEffectsShadingLevel": "Grau de sombreamento",
  "i18nCelEffectsSaturation": "Saturação",
  "i18nCelEffectsBrightness": "Brilho",
  "i18nCelEffectsOutline": "Contorno",
  "i18nCelEffectsStrength": "Forte",
  "i18nCelEffectsSmooth": "Suave",
  "i18nScanlinesEffectNumber": "Efeito {{Number}}",
  "i18nScanlinesEffectCustom": "Personalizado",
  "i18nScanlinesColorBleedOpacity": "Opacidade de vazamento de cor",
  "i18nScanlinesMaskOpacity": "Opacidade de máscara",
  "i18nScanlinesDarkOpacity": "Opacidade escura",
  "i18nScanlinesLightOpacity": "Opacidade clara",
  "i18nScanlinesOpacity": "Opacidade",
  "i18nScanlinesBlur": "Desfoque",
  "i18nScanlinesLineThickness": "Espessura da linha",
  "i18nScanlinesPostBlurBrightness": "Brilho pós-desfoque",
  "i18nScanlinesPostBlurSaturation": "Saturação de desfoque",
  "i18nControllerId": "Controle sem fio {{Id}}",
  "i18nControllerId4": "Controle sem fio {{Id}}",
  "i18nControllerId5": "Controle sem fio {{Id}}",
  "i18nControlsRemapControls": "Remapear controles",
  "i18nControlsCustomizeButtonAssignments": "Personalizar atribuições de botões",
  "i18nControlsSelectButton": "Selecione um botão para alterar a atribuição.",
  "i18nControlsReset": "Redefinir",
  "i18nControlsApply": "Aplicar",
  "i18nNavigateTimeline": "[CTRL_DPADLEFT][CTRL_DPADRIGHT] Navegar na linha do tempo",
  "i18nCreateSave": "Criar jogo salvo",
  "i18nControlXAccept": "[CTRL_ENTER] Sim",
  "i18nControlOCancel": "[CTRL_CANCEL] Cancelar",
  "i18nLoadSave": "Carregar jogo salvo",
  "i18nConfirmQuickSave": "Confirmar salvamento rápido",
  "i18nConfirmResetAll": "Confirmar redefinição total",
  "i18nPresetCustom": "Personalizado",
  "i18nPresetDefault": "Padrão",
  "i18nControlSquareMinimizeUI": "[CTRL_SQUARE] Minimizar interface",
  "i18nControlSquareMaximizeUI": "[CTRL_SQUARE] Maximizar interface",
  "i18nFileSizeIntegerMegabytes": "{{value}} MB",
  "i18nGameSaved": "Jogo salvo",
  "i18nSaveDataTitleQuickSaves": "Salvamentos rápidos",
  "i18nSaveDataSubTitleQuickSaves": "Múltiplos compartimentos de salvamento rápido",
  "i18nSaveDataTitleApplication": "Dados do aplicativo",
  "i18nSaveDataSubTitleApplication": "Progresso do jogo e configurações de aparência da interface",
  "i18nSaveDataTitleMemoryCards": "Cartões de memória",
  "i18nSaveDataSubTitleMemoryCards": "Dados do progresso do gameplay",
  "i18nTouchPadStartSelectHelp": "Clique no botão do touch pad para usar o botão SELECT e o botão START",
  "i18nPressStart": "Aperte START",
  "i18nOk": "OK",
  "i18nPressStartToPlay": "Pressione START para jogar!",
  "i18nQuickSaveError": "O salvamento rápido foi feito usando uma configuração de idioma do sistema diferente. Altere o idioma do sistema para carregar este salvamento rápido.",
  "i18nChangeDisc": "Change Disc",
  "i18nDiscNumber": "Disc {{Number}}",
  "i18nDiscNumberText": "Disc {{Number}} {{Text}}",
  "i18nDiscChangeConfirm": "Change to Disc {{Number}}? All unsaved progress will be lost.",
  "i18nDiscChangeConfirmText": "Change to Disc {{Number}} {{Text}}? All unsaved progress will be lost."
}