{
  "i18nSelectRewindPoint": "Rebobinar\n",
  "i18nQuickSaveOptions": "Carregar e gravar",
  "i18nQuickSaveTitle": "Carregar e gravar",
  "i18nGeneralSettings": "Definições",
  "i18nLoadQuickSave": "Carregar",
  "i18nCreateQuickSave": "Gravar",
  "i18nBack": "[CTRL_CANCEL] Voltar",
  "i18nAccept": "[CTRL_ENTER] Aceitar",
  "i18nTriangleCreateQuicksave": "[CTRL_TRIANGLE] Criar gravação rápida",
  "i18nTouchpadCreateQuicksave": "[CTRL_TOUCHPAD] Criar gravação rápida",
  "i18nSaveSlotNumber": "Espaço {{SlotNumber}}",
  "i18nCreateNewSave": "+ Criar gravação nova",
  "i18nDate": "Data",
  "i18nPlayTime": "Tempo de jogo",
  "i18nFileSize": "Tamanho",
  "i18nTriangleReset": "[CTRL_TRIANGLE] Repor",
  "i18nTouchpadResetAll": "[CTRL_TOUCHPAD] Repor tudo",
  "i18nOverwriteSave": "Gravar por cima?",
  "i18nYes": "Sim",
  "i18nNo": "Não",
  "i18nSettingsTitle": "Definições",
  "i18nVisualPresets": "Predefinições visuais",
  "i18nVideo": "Vídeo",
  "i18nGraphics": "Gráficos",
  "i18nControls": "Controlos",
  "i18nPreset": "Predefinição",
  "i18nPresetRetroModern": "Retro moderno",
  "i18nPresetRetroClassic": "Retro clássico",
  "i18nPresetModern": "Moderno",
  "i18nVideoPositionX": "Posição X",
  "i18nVideoPositionY": "Posição Y",
  "i18nVideoAspectRatio": "Proporção",
  "i18nColorAdjustments": "Ajustes de cores",
  "i18nColorAdjustmentsBrightness": "Luminosidade",
  "i18nColorAdjustmentsContrast": "Contraste",
  "i18nColorAdjustmentsGamma": "Gama",
  "i18nColorAdjustmentsHue": "Tonalidade",
  "i18nColorAdjustmentsSaturation": "Saturação",
  "i18nSquareMinimizeUi": "[CTRL_SQUARE] Minimizar interface",
  "i18nEmptySave": "Espaço de gravação vazio",
  "i18nUpscaleFactor": "Fator de ampliação",
  "i18nNoUpscale": "Sem ampliação",
  "i18nMultiplierScale": "{{Multiplier}}x de ampliação",
  "i18nAspectNativeResolution": "Resolução nativa",
  "i18nAspect1To1": "1:1",
  "i18nAspect43To1610": "4:3 para 16:10",
  "i18nAspect43To169": "4:3 para 16:9",
  "i18nAspectSquarePixels": "Pixéis quadrados",
  "i18nAspectWideZoomCropped": "Zoom panorâmico (recortado)",
  "i18nAspectWideZoomStretched": "Zoom panorâmico (esticado)",
  "i18nGraphicsFilter": "Filtro",
  "i18nGraphicsAntiAliasing": "Antialiasing",
  "i18nGraphicsLineThickness": "Espessura de linha",
  "i18nGraphicsCelEffects": "Efeitos de sombreamento 2D\n",
  "i18nGraphicsScanlines": "Linhas de varrimento",
  "i18nFilterNone": "Nenhum",
  "i18nFilterBicubic": "Bicúbico",
  "i18nFilterLanczos": "Lanczos",
  "i18nFilterCubic": "Cúbico",
  "i18nAntiAliasingNone": "Nenhum",
  "i18nAntiAliasingFxaa": "FXAA",
  "i18nAntiAliasingCmaa": "CMAA",
  "i18nCelEffectsShadingLevel": "Nível de sombreamento",
  "i18nCelEffectsSaturation": "Saturação",
  "i18nCelEffectsBrightness": "Luminosidade",
  "i18nCelEffectsOutline": "Contorno",
  "i18nCelEffectsStrength": "Força",
  "i18nCelEffectsSmooth": "Suave",
  "i18nScanlinesEffectNumber": "Efeito {{Number}}",
  "i18nScanlinesEffectCustom": "Personalizadas",
  "i18nScanlinesColorBleedOpacity": "Opacidade do reflexo de cores",
  "i18nScanlinesMaskOpacity": "Opacidade do mascaramento",
  "i18nScanlinesDarkOpacity": "Opacidade escura",
  "i18nScanlinesLightOpacity": "Opacidade clara",
  "i18nScanlinesOpacity": "Opacidade",
  "i18nScanlinesBlur": "Desfocagem",
  "i18nScanlinesLineThickness": "Espessura de linha",
  "i18nScanlinesPostBlurBrightness": "Luminosidade pós-desfocagem",
  "i18nScanlinesPostBlurSaturation": "Saturação da desfocagem",
  "i18nControllerId": "Comando sem fios {{Id}}",
  "i18nControllerId4": "Comando sem fios {{Id}}",
  "i18nControllerId5": "Comando sem fios {{Id}}",
  "i18nControlsRemapControls": "Reconfigurar controlos",
  "i18nControlsCustomizeButtonAssignments": "Configurar funções dos botões",
  "i18nControlsSelectButton": "Escolhe um botão para alterar a sua função.",
  "i18nControlsReset": "Repor",
  "i18nControlsApply": "Aplicar",
  "i18nNavigateTimeline": "[CTRL_DPADLEFT][CTRL_DPADRIGHT] Navegar cronologia",
  "i18nCreateSave": "Criar gravação",
  "i18nControlXAccept": "[CTRL_ENTER] Sim",
  "i18nControlOCancel": "[CTRL_CANCEL] Cancelar",
  "i18nLoadSave": "Carregar gravação",
  "i18nConfirmQuickSave": "Confirmar gravação rápida",
  "i18nConfirmResetAll": "Confirmar reposição de tudo",
  "i18nPresetCustom": "Personalizada",
  "i18nPresetDefault": "Padrão",
  "i18nControlSquareMinimizeUI": "[CTRL_SQUARE] Minimizar interface",
  "i18nControlSquareMaximizeUI": "[CTRL_SQUARE] Maximizar interface",
  "i18nFileSizeIntegerMegabytes": "{{value}} MB\n",
  "i18nGameSaved": "Jogo Gravado",
  "i18nSaveDataTitleQuickSaves": "Gravações rápidas",
  "i18nSaveDataSubTitleQuickSaves": "Várias vagas para gravações rápidas",
  "i18nSaveDataTitleApplication": "Dados da aplicação",
  "i18nSaveDataSubTitleApplication": "Progresso no jogo e definições de aparência da interface",
  "i18nSaveDataTitleMemoryCards": "Cartões de memória",
  "i18nSaveDataSubTitleMemoryCards": "Dados de progresso no jogo",
  "i18nTouchPadStartSelectHelp": "Clica no botão do painel tátil para o botão SELECT e o botão START",
  "i18nPressStart": "Prime START",
  "i18nOk": "OK",
  "i18nPressStartToPlay": "Prime START para jogar!",
  "i18nQuickSaveError": "A Gravação rápida foi guardada utilizando uma língua de sistema diferente. Altera a língua do sistema para carregar esta Gravação rápida.",
  "i18nChangeDisc": "Change Disc",
  "i18nDiscNumber": "Disc {{Number}}",
  "i18nDiscNumberText": "Disc {{Number}} {{Text}}",
  "i18nDiscChangeConfirm": "Change to Disc {{Number}}? All unsaved progress will be lost.",
  "i18nDiscChangeConfirmText": "Change to Disc {{Number}} {{Text}}? All unsaved progress will be lost."
}