{
  "i18nSelectRewindPoint": "Derulare înapoi",
  "i18nQuickSaveOptions": "Încărcare și salvare",
  "i18nQuickSaveTitle": "Încărcare și salvare",
  "i18nGeneralSettings": "Setări",
  "i18nLoadQuickSave": "Încărcare",
  "i18nCreateQuickSave": "Salvare",
  "i18nBack": "[CTRL_CANCEL] Înapoi",
  "i18nAccept": "[CTRL_ENTER] Acceptă",
  "i18nTriangleCreateQuicksave": "[CTRL_TRIANGLE] Creare salvare rapidă",
  "i18nTouchpadCreateQuicksave": "[CTRL_TOUCHPAD] Creare salvare rapidă",
  "i18nSaveSlotNumber": "Slot {{SlotNumber}}",
  "i18nCreateNewSave": "+ Creare salvare nouă",
  "i18nDate": "Data",
  "i18nPlayTime": "Timp de joacă",
  "i18nFileSize": "Dimensiune fișier",
  "i18nTriangleReset": "[CTRL_TRIANGLE] Resetare",
  "i18nTouchpadResetAll": "[CTRL_TOUCHPAD] Resetare totală",
  "i18nOverwriteSave": "Suprascrii această salvare?",
  "i18nYes": "Da",
  "i18nNo": "Nu",
  "i18nSettingsTitle": "Setări",
  "i18nVisualPresets": "Presetări vizuale",
  "i18nVideo": "Video",
  "i18nGraphics": "Grafică",
  "i18nControls": "Comenzi",
  "i18nPreset": "Presetare",
  "i18nPresetRetroModern": "Retro Modern",
  "i18nPresetRetroClassic": "Retro Clasic",
  "i18nPresetModern": "Modern",
  "i18nVideoPositionX": "Poziție X",
  "i18nVideoPositionY": "Poziție Y",
  "i18nVideoAspectRatio": "Raport de aspect",
  "i18nColorAdjustments": "Reglaje de culoare",
  "i18nColorAdjustmentsBrightness": "Luminozitate",
  "i18nColorAdjustmentsContrast": "Contrast",
  "i18nColorAdjustmentsGamma": "Gamma",
  "i18nColorAdjustmentsHue": "Nuanță",
  "i18nColorAdjustmentsSaturation": "Saturație",
  "i18nSquareMinimizeUi": "[CTRL_SQUARE] Minimizare interfață",
  "i18nEmptySave": "Salvare necompletată",
  "i18nUpscaleFactor": "Factor de scalare",
  "i18nNoUpscale": "Fără scalare",
  "i18nMultiplierScale": "{{Multiplier}}x Scară",
  "i18nAspectNativeResolution": "Rezoluție nativă",
  "i18nAspect1To1": "1:1",
  "i18nAspect43To1610": "4:3 pentru 16:10",
  "i18nAspect43To169": "4:3 pentru 16:9",
  "i18nAspectSquarePixels": "Pixeli pătrați",
  "i18nAspectWideZoomCropped": "Zoom larg (decupat)",
  "i18nAspectWideZoomStretched": "Zoom larg (întins)",
  "i18nGraphicsFilter": "Filtru",
  "i18nGraphicsAntiAliasing": "Anti-aliasing",
  "i18nGraphicsLineThickness": "Grosime linii",
  "i18nGraphicsCelEffects": "Efecte de animație clasică",
  "i18nGraphicsScanlines": "Linii de scanare",
  "i18nFilterNone": "None",
  "i18nFilterBicubic": "Bicubic",
  "i18nFilterLanczos": "Lanczos",
  "i18nFilterCubic": "Cubic",
  "i18nAntiAliasingNone": "Fără",
  "i18nAntiAliasingFxaa": "FXAA",
  "i18nAntiAliasingCmaa": "CMAA",
  "i18nCelEffectsShadingLevel": "Nivel hașură",
  "i18nCelEffectsSaturation": "Saturație",
  "i18nCelEffectsBrightness": "Luminozitate",
  "i18nCelEffectsOutline": "Contur",
  "i18nCelEffectsStrength": "Intensitate",
  "i18nCelEffectsSmooth": "Netezire",
  "i18nScanlinesEffectNumber": "Efectul {{Number}}",
  "i18nScanlinesEffectCustom": "Personalizat",
  "i18nScanlinesColorBleedOpacity": "Opacitate trecere culoare",
  "i18nScanlinesMaskOpacity": "Opacitate mască",
  "i18nScanlinesDarkOpacity": "Opacitate închise",
  "i18nScanlinesLightOpacity": "Opacitate deschise",
  "i18nScanlinesOpacity": "Opacitate",
  "i18nScanlinesBlur": "Neclaritate",
  "i18nScanlinesLineThickness": "Grosime linii",
  "i18nScanlinesPostBlurBrightness": "Luminozitate după aplicarea neclarității",
  "i18nScanlinesPostBlurSaturation": "Saturație neclaritate",
  "i18nControllerId": "Controler fără fir {{Id}}",
  "i18nControllerId4": "Controler fără fir {{Id}}",
  "i18nControllerId5": "Controler fără fir {{Id}}",
  "i18nControlsRemapControls": "Reconfigurare comenzi",
  "i18nControlsCustomizeButtonAssignments": "Personalizare funcții butoane",
  "i18nControlsSelectButton": "Selectează un buton ca să-i schimbi funcția.",
  "i18nControlsReset": "Resetare",
  "i18nControlsApply": "Aplicare",
  "i18nNavigateTimeline": "[CTRL_DPADLEFT][CTRL_DPADRIGHT] Navigare în cronologie",
  "i18nCreateSave": "Creare salvare",
  "i18nControlXAccept": "[CTRL_ENTER] Yes",
  "i18nControlOCancel": "[CTRL_CANCEL] Anulare",
  "i18nLoadSave": "Încărcare salvare",
  "i18nConfirmQuickSave": "Confirmare salvare rapidă",
  "i18nConfirmResetAll": "Confirmare resetare totală",
  "i18nPresetCustom": "Personalizat",
  "i18nPresetDefault": "Implicit",
  "i18nControlSquareMinimizeUI": "[CTRL_SQUARE] Minimizare interfață",
  "i18nControlSquareMaximizeUI": "[CTRL_SQUARE] Maximizare interfață",
  "i18nFileSizeIntegerMegabytes": "{{value}} MB",
  "i18nGameSaved": "Joc salvat",
  "i18nSaveDataTitleQuickSaves": "Salvări rapide",
  "i18nSaveDataSubTitleQuickSaves": "Mai multe sloturi pentru salvări rapide",
  "i18nSaveDataTitleApplication": "Date de aplicație",
  "i18nSaveDataSubTitleApplication": "Progresul în joc și setări legate de aspectul interfeței",
  "i18nSaveDataTitleMemoryCards": "Carduri de memorie",
  "i18nSaveDataSubTitleMemoryCards": "Date despre progresul în joc",
  "i18nTouchPadStartSelectHelp": "Fă clic pe butonul touch pad ca să folosești butoanele SELECT și START",
  "i18nPressStart": "Apasă START",
  "i18nOk": "OK",
  "i18nPressStartToPlay": "Apasă START pentru a începe partida!",
  "i18nQuickSaveError": "Salvarea rapidă a fost efectuată folosind o altă setare de limbă a sistemului. Vă rugăm să schimbați limba sistemului pentru a încărca această Salvare rapidă.",
  "i18nChangeDisc": "Change Disc",
  "i18nDiscNumber": "Disc {{Number}}",
  "i18nDiscNumberText": "Disc {{Number}} {{Text}}",
  "i18nDiscChangeConfirm": "Change to Disc {{Number}}? All unsaved progress will be lost.",
  "i18nDiscChangeConfirmText": "Change to Disc {{Number}} {{Text}}? All unsaved progress will be lost."
}