{
  "i18nSelectRewindPoint": "Обратная перемотка",
  "i18nQuickSaveOptions": "Загрузка и сохранение",
  "i18nQuickSaveTitle": "Загрузка и сохранение",
  "i18nGeneralSettings": "Параметры",
  "i18nLoadQuickSave": "Загрузка",
  "i18nCreateQuickSave": "Сохранение",
  "i18nBack": "[CTRL_CANCEL] Назад",
  "i18nAccept": "[CTRL_ENTER] Принять",
  "i18nTriangleCreateQuicksave": "[CTRL_TRIANGLE] Новое быстрое сохранение",
  "i18nTouchpadCreateQuicksave": "[CTRL_TOUCHPAD] Новое быстрое сохранение",
  "i18nSaveSlotNumber": "Ячейка {{SlotNumber}}",
  "i18nCreateNewSave": "+ Новое сохранение",
  "i18nDate": "Дата",
  "i18nPlayTime": "Время игры",
  "i18nFileSize": "Размер",
  "i18nTriangleReset": "[CTRL_TRIANGLE] Сбросить",
  "i18nTouchpadResetAll": "[CTRL_TOUCHPAD] Сбросить все",
  "i18nOverwriteSave": "Перезаписать это сохранение?",
  "i18nYes": "Да",
  "i18nNo": "Нет",
  "i18nSettingsTitle": "Параметры",
  "i18nVisualPresets": "Конфигурации графики",
  "i18nVideo": "Видео",
  "i18nGraphics": "Графика",
  "i18nControls": "Управление",
  "i18nPreset": "Конфигурация",
  "i18nPresetRetroModern": "Ретромодерн",
  "i18nPresetRetroClassic": "Ретроклассика",
  "i18nPresetModern": "Модерн",
  "i18nVideoPositionX": "Положение по оси X",
  "i18nVideoPositionY": "Положение по оси Y",
  "i18nVideoAspectRatio": "Соотношение сторон",
  "i18nColorAdjustments": "Цветокоррекция",
  "i18nColorAdjustmentsBrightness": "Яркость",
  "i18nColorAdjustmentsContrast": "Контрастность",
  "i18nColorAdjustmentsGamma": "Гамма",
  "i18nColorAdjustmentsHue": "Оттенок",
  "i18nColorAdjustmentsSaturation": "Насыщенность",
  "i18nSquareMinimizeUi": "[CTRL_SQUARE] Скрыть интерфейс",
  "i18nEmptySave": "Пустая ячейка",
  "i18nUpscaleFactor": "Фактор масштабир.",
  "i18nNoUpscale": "Без масштабир.",
  "i18nMultiplierScale": "Фактор x{{Multiplier}}",
  "i18nAspectNativeResolution": "Штатное разрешение",
  "i18nAspect1To1": "1:1",
  "i18nAspect43To1610": "4:3 для 16:10",
  "i18nAspect43To169": "4:3 для 16:9",
  "i18nAspectSquarePixels": "Квадратные пиксели",
  "i18nAspectWideZoomCropped": "Широкий формат (обрезка)",
  "i18nAspectWideZoomStretched": "Широкий формат (растягивание)",
  "i18nGraphicsFilter": "Фильтр",
  "i18nGraphicsAntiAliasing": "Сглаживание",
  "i18nGraphicsLineThickness": "Толщина линий",
  "i18nGraphicsCelEffects": "Эффекты мультипликации",
  "i18nGraphicsScanlines": "Линии развертки",
  "i18nFilterNone": "Нет",
  "i18nFilterBicubic": "Бикубический",
  "i18nFilterLanczos": "Ланцош",
  "i18nFilterCubic": "Кубический",
  "i18nAntiAliasingNone": "Нет",
  "i18nAntiAliasingFxaa": "FXAA",
  "i18nAntiAliasingCmaa": "CMAA",
  "i18nCelEffectsShadingLevel": "Уровень затенения",
  "i18nCelEffectsSaturation": "Насыщенность",
  "i18nCelEffectsBrightness": "Яркость",
  "i18nCelEffectsOutline": "Контур",
  "i18nCelEffectsStrength": "Интенсивность",
  "i18nCelEffectsSmooth": "Плавность",
  "i18nScanlinesEffectNumber": "Эффект {{Number}}",
  "i18nScanlinesEffectCustom": "По выбору",
  "i18nScanlinesColorBleedOpacity": "Прозрачность цветовых помех",
  "i18nScanlinesMaskOpacity": "Прозрачность маски",
  "i18nScanlinesDarkOpacity": "Прозрачность темных помех",
  "i18nScanlinesLightOpacity": "Прозрачность светлых помех",
  "i18nScanlinesOpacity": "Прозрачность",
  "i18nScanlinesBlur": "Размытие",
  "i18nScanlinesLineThickness": "Толщина линий",
  "i18nScanlinesPostBlurBrightness": "Яркость после размытия",
  "i18nScanlinesPostBlurSaturation": "Насыщенность размытия",
  "i18nControllerId": "Беспроводной Контроллер {{Id}}",
  "i18nControllerId4": "Беспроводной Контроллер {{Id}}",
  "i18nControllerId5": "Беспроводной Контроллер {{Id}}",
  "i18nControlsRemapControls": "Переназначить команды",
  "i18nControlsCustomizeButtonAssignments": "Изменить назначения кнопок",
  "i18nControlsSelectButton": "Выберите кнопку для изменения.",
  "i18nControlsReset": "Сброс",
  "i18nControlsApply": "Применить",
  "i18nNavigateTimeline": "[CTRL_DPADLEFT][CTRL_DPADRIGHT] Выбор момента времени",
  "i18nCreateSave": "Новое сохранение",
  "i18nControlXAccept": "[CTRL_ENTER] Да",
  "i18nControlOCancel": "[CTRL_CANCEL] Отмена",
  "i18nLoadSave": "Загрузка игры",
  "i18nConfirmQuickSave": "Подтверждение быстрого сохранения",
  "i18nConfirmResetAll": "Подтверждение полного сброса",
  "i18nPresetCustom": "По выбору",
  "i18nPresetDefault": "По умолчанию",
  "i18nControlSquareMinimizeUI": "[CTRL_SQUARE] Скрыть интерфейс",
  "i18nControlSquareMaximizeUI": "[CTRL_SQUARE] Развернуть интерфейс",
  "i18nFileSizeIntegerMegabytes": "{{value}} МБ",
  "i18nGameSaved": "Игра сохранена",
  "i18nSaveDataTitleQuickSaves": "Быстрое сохранение",
  "i18nSaveDataSubTitleQuickSaves": "Несколько ячеек для быстрого сохранения",
  "i18nSaveDataTitleApplication": "Данные приложения",
  "i18nSaveDataSubTitleApplication": "Прогресс игры и настройки UI",
  "i18nSaveDataTitleMemoryCards": "Карты памяти",
  "i18nSaveDataSubTitleMemoryCards": "Данные о прохождении игры",
  "i18nTouchPadStartSelectHelp": "Для нажатия кнопок SELECT и START используйте кнопку сенсорная панель\n",
  "i18nPressStart": "Нажмите START",
  "i18nOk": "ОК",
  "i18nPressStartToPlay": "Нажмите START, чтобы начать игру!",
  "i18nQuickSaveError": "Быстрое сохранение было сохранено с использованием другой настройки системного языка. Пожалуйста, измените язык системы, чтобы загрузить это быстрое сохранение.",
  "i18nChangeDisc": "Change Disc",
  "i18nDiscNumber": "Disc {{Number}}",
  "i18nDiscNumberText": "Disc {{Number}} {{Text}}",
  "i18nDiscChangeConfirm": "Change to Disc {{Number}}? All unsaved progress will be lost.",
  "i18nDiscChangeConfirmText": "Change to Disc {{Number}} {{Text}}? All unsaved progress will be lost."
}