{
  "i18nSelectRewindPoint": "Spola tillbaka",
  "i18nQuickSaveOptions": "Ladda & spara",
  "i18nQuickSaveTitle": "Ladda & spara",
  "i18nGeneralSettings": "Inställningar",
  "i18nLoadQuickSave": "Ladda",
  "i18nCreateQuickSave": "Spara",
  "i18nBack": "[CTRL_CANCEL] Tillbaka",
  "i18nAccept": "[CTRL_ENTER] Acceptera",
  "i18nTriangleCreateQuicksave": "[CTRL_TRIANGLE] Skapa snabbsparning",
  "i18nTouchpadCreateQuicksave": "[CTRL_TOUCHPAD] Skapa snabbsparning",
  "i18nSaveSlotNumber": "Sparplats {{SlotNumber}}",
  "i18nCreateNewSave": "+ Skapa ny sparfil",
  "i18nDate": "Datum",
  "i18nPlayTime": "Speltid",
  "i18nFileSize": "Filstorlek",
  "i18nTriangleReset": "[CTRL_TRIANGLE] Återställ",
  "i18nTouchpadResetAll": "[CTRL_TOUCHPAD] Återställ allt",
  "i18nOverwriteSave": "Spara över den här filen?",
  "i18nYes": "Ja",
  "i18nNo": "Nej",
  "i18nSettingsTitle": "Inställningar",
  "i18nVisualPresets": "Visuella förinställningar",
  "i18nVideo": "Video",
  "i18nGraphics": "Grafik",
  "i18nControls": "Kontroller",
  "i18nPreset": "Förinställning",
  "i18nPresetRetroModern": "Modernt retro",
  "i18nPresetRetroClassic": "Klassiskt retro",
  "i18nPresetModern": "Modernt",
  "i18nVideoPositionX": "X-position",
  "i18nVideoPositionY": "Y-position",
  "i18nVideoAspectRatio": "Bildförhållande",
  "i18nColorAdjustments": "Färgjusteringar",
  "i18nColorAdjustmentsBrightness": "Ljusstyrka",
  "i18nColorAdjustmentsContrast": "Kontrast",
  "i18nColorAdjustmentsGamma": "Gamma",
  "i18nColorAdjustmentsHue": "Nyans",
  "i18nColorAdjustmentsSaturation": "Mättnad",
  "i18nSquareMinimizeUi": "[CTRL_SQUARE] Minimera gränssnitt",
  "i18nEmptySave": "Tom sparplats",
  "i18nUpscaleFactor": "Uppskalningsfaktor",
  "i18nNoUpscale": "Ingen uppskalning",
  "i18nMultiplierScale": "{{Multiplier}}x Skala",
  "i18nAspectNativeResolution": "Ursprunglig upplösning",
  "i18nAspect1To1": "1:1",
  "i18nAspect43To1610": "4:3 för 16:10",
  "i18nAspect43To169": "4:3 för 16:9",
  "i18nAspectSquarePixels": "Fyrkantiga pixlar",
  "i18nAspectWideZoomCropped": "Bred zoom (beskuren)",
  "i18nAspectWideZoomStretched": "Bred zoom (utsträckt)",
  "i18nGraphicsFilter": "Filter",
  "i18nGraphicsAntiAliasing": "Kantutjämning",
  "i18nGraphicsLineThickness": "Linjetjocklek",
  "i18nGraphicsCelEffects": "Cel-shading",
  "i18nGraphicsScanlines": "Monitorränder",
  "i18nFilterNone": "Ingen",
  "i18nFilterBicubic": "Bikubisk",
  "i18nFilterLanczos": "Lanczos",
  "i18nFilterCubic": "Kubisk",
  "i18nAntiAliasingNone": "Ingen",
  "i18nAntiAliasingFxaa": "FXAA",
  "i18nAntiAliasingCmaa": "CMAA",
  "i18nCelEffectsShadingLevel": "Skuggnivå",
  "i18nCelEffectsSaturation": "Mättnad",
  "i18nCelEffectsBrightness": "Ljusstyrka",
  "i18nCelEffectsOutline": "Kontur",
  "i18nCelEffectsStrength": "Styrka",
  "i18nCelEffectsSmooth": "Slät",
  "i18nScanlinesEffectNumber": "Effekt {{Number}}",
  "i18nScanlinesEffectCustom": "Anpassad",
  "i18nScanlinesColorBleedOpacity": "Opacitet för färgblödning",
  "i18nScanlinesMaskOpacity": "Dölj opacitet",
  "i18nScanlinesDarkOpacity": "Mörk opacitet",
  "i18nScanlinesLightOpacity": "Ljus opacitet",
  "i18nScanlinesOpacity": "Opacitet",
  "i18nScanlinesBlur": "Oskärpa",
  "i18nScanlinesLineThickness": "Linjetjocklek",
  "i18nScanlinesPostBlurBrightness": "Ljusstyrka på oskärpa",
  "i18nScanlinesPostBlurSaturation": "Mättnad för oskärpa",
  "i18nControllerId": "Trådlös handkontroll {{Id}}",
  "i18nControllerId4": "Trådlös handkontroll {{Id}}",
  "i18nControllerId5": "Trådlös handkontroll {{Id}}",
  "i18nControlsRemapControls": "Anpassa kontroller",
  "i18nControlsCustomizeButtonAssignments": "Anpassa knapptilldelningar",
  "i18nControlsSelectButton": "Välj en knapp för att ändra dess tilldelning.",
  "i18nControlsReset": "Återställ",
  "i18nControlsApply": "Tillämpa",
  "i18nNavigateTimeline": "[CTRL_DPADLEFT][CTRL_DPADRIGHT] Navigera tidslinje",
  "i18nCreateSave": "Skapa sparfil",
  "i18nControlXAccept": "[CTRL_ENTER] Ja",
  "i18nControlOCancel": "[CTRL_CANCEL] Avbryt",
  "i18nLoadSave": "Ladda sparfil",
  "i18nConfirmQuickSave": "Bekräfta snabbsparning",
  "i18nConfirmResetAll": "Bekräfta återställning",
  "i18nPresetCustom": "Anpassad",
  "i18nPresetDefault": "Standard",
  "i18nControlSquareMinimizeUI": "[CTRL_SQUARE] Minimera gränssnitt",
  "i18nControlSquareMaximizeUI": "[CTRL_SQUARE] Maximera gränssnitt",
  "i18nFileSizeIntegerMegabytes": "{{value}} MB",
  "i18nGameSaved": "Spel sparat",
  "i18nSaveDataTitleQuickSaves": "Snabbsparning",
  "i18nSaveDataSubTitleQuickSaves": "Flera sparplatser för snabbsparning",
  "i18nSaveDataTitleApplication": "Applikationsdata",
  "i18nSaveDataSubTitleApplication": "Inställningar för spelframsteg och utseende på gränssnitt",
  "i18nSaveDataTitleMemoryCards": "Minneskort",
  "i18nSaveDataSubTitleMemoryCards": "Data för spelframsteg",
  "i18nTouchPadStartSelectHelp": "Tryck på styrplattsknappen för att använda SELECT- och START-knapparna",
  "i18nPressStart": "Tryck på START",
  "i18nOk": "OK",
  "i18nPressStartToPlay": "Tryck på START för att spela!",
  "i18nQuickSaveError": "Denna snabbsparning sparades med ett annat systemspråk inställt. Ändra systemspråket för att ladda denna snabbsparning.",
  "i18nChangeDisc": "Change Disc",
  "i18nDiscNumber": "Disc {{Number}}",
  "i18nDiscNumberText": "Disc {{Number}} {{Text}}",
  "i18nDiscChangeConfirm": "Change to Disc {{Number}}? All unsaved progress will be lost.",
  "i18nDiscChangeConfirmText": "Change to Disc {{Number}} {{Text}}? All unsaved progress will be lost."
}