{
  "i18nSelectRewindPoint": "ย้อนกลับ",
  "i18nQuickSaveOptions": "โหลดและบันทึก",
  "i18nQuickSaveTitle": "โหลดและบันทึก",
  "i18nGeneralSettings": "การตั้งค่า",
  "i18nLoadQuickSave": "โหลด",
  "i18nCreateQuickSave": "บันทึก",
  "i18nBack": "[CTRL_CANCEL] กลับ",
  "i18nAccept": "[CTRL_ENTER] ยอมรับ",
  "i18nTriangleCreateQuicksave": "[CTRL_TRIANGLE] สร้างบันทึกด่วน",
  "i18nTouchpadCreateQuicksave": "[CTRL_TOUCHPAD] สร้างบันทึกด่วน",
  "i18nSaveSlotNumber": "ช่องที่ {{SlotNumber}}",
  "i18nCreateNewSave": "+ สร้างบันทึกใหม่",
  "i18nDate": "วันที่",
  "i18nPlayTime": "เวลาเล่น",
  "i18nFileSize": "ขนาดไฟล์",
  "i18nTriangleReset": "[CTRL_TRIANGLE] รีเซ็ต",
  "i18nTouchpadResetAll": "[CTRL_TOUCHPAD] รีเซ็ตทั้งหมด",
  "i18nOverwriteSave": "เขียนทับบันทึกนี้หรือไม่",
  "i18nYes": "ใช่",
  "i18nNo": "ไม่",
  "i18nSettingsTitle": "การตั้งค่า",
  "i18nVisualPresets": "พรีเซ็ตการแสดงผล",
  "i18nVideo": "วิดีโอ",
  "i18nGraphics": "กราฟิก",
  "i18nControls": "การควบคุม",
  "i18nPreset": "พรีเซ็ต",
  "i18nPresetRetroModern": "เรโทรสมัยใหม่",
  "i18nPresetRetroClassic": "เรโทรคลาสสิก",
  "i18nPresetModern": "สมัยใหม่",
  "i18nVideoPositionX": "ตำแหน่ง X",
  "i18nVideoPositionY": "ตำแหน่ง Y",
  "i18nVideoAspectRatio": "สัดส่วนจอภาพ",
  "i18nColorAdjustments": "การปรับแต่งสี",
  "i18nColorAdjustmentsBrightness": "ความสว่าง",
  "i18nColorAdjustmentsContrast": "คอนทราสต์",
  "i18nColorAdjustmentsGamma": "แกมม่า",
  "i18nColorAdjustmentsHue": "สีสัน",
  "i18nColorAdjustmentsSaturation": "ความอิ่มตัวของสี",
  "i18nSquareMinimizeUi": "[CTRL_SQUARE] ย่อ UI เล็กสุด",
  "i18nEmptySave": "บันทึกว่าง",
  "i18nUpscaleFactor": "ตัวคูณขนาดความคมชัด",
  "i18nNoUpscale": "ไม่ใช้ตัวคูณ",
  "i18nMultiplierScale": "ขนาด {{Multiplier}}",
  "i18nAspectNativeResolution": "ความละเอียดดั้งเดิม",
  "i18nAspect1To1": "1:1",
  "i18nAspect43To1610": "4:3 สำหรับ 16:10",
  "i18nAspect43To169": "4:3 สำหรับ 16:9",
  "i18nAspectSquarePixels": "พิกเซลสี่เหลี่ยม",
  "i18nAspectWideZoomCropped": "ซูมแบบกว้าง (ครอบตัด)",
  "i18nAspectWideZoomStretched": "ซูมแบบกว้าง (ยืดขยาย)",
  "i18nGraphicsFilter": "ฟิลเตอร์",
  "i18nGraphicsAntiAliasing": "ลดรอยหยัก",
  "i18nGraphicsLineThickness": "ความหนาของเส้น",
  "i18nGraphicsCelEffects": "เอฟเฟกต์เฟรมภาพเคลื่อนไหว",
  "i18nGraphicsScanlines": "เส้นสแกน",
  "i18nFilterNone": "ไม่มี",
  "i18nFilterBicubic": "Bicubic",
  "i18nFilterLanczos": "Lanczos",
  "i18nFilterCubic": "Cubic",
  "i18nAntiAliasingNone": "ไม่มี",
  "i18nAntiAliasingFxaa": "FXAA",
  "i18nAntiAliasingCmaa": "CMAA",
  "i18nCelEffectsShadingLevel": "ระดับการแรเงา",
  "i18nCelEffectsSaturation": "ความอิ่มตัวของสี",
  "i18nCelEffectsBrightness": "ความสว่าง",
  "i18nCelEffectsOutline": "เส้นนอก",
  "i18nCelEffectsStrength": "ความหนา",
  "i18nCelEffectsSmooth": "ความเรียบเนียน",
  "i18nScanlinesEffectNumber": "เอฟเฟกต์ที่ {{Number}}",
  "i18nScanlinesEffectCustom": "กำหนดเอง",
  "i18nScanlinesColorBleedOpacity": "ความทึบของสีย้อม",
  "i18nScanlinesMaskOpacity": "ความทึบของตัวพราง",
  "i18nScanlinesDarkOpacity": "ความทึบของสีมืด",
  "i18nScanlinesLightOpacity": "ความทึบของสีสว่าง",
  "i18nScanlinesOpacity": "ความทึบ",
  "i18nScanlinesBlur": "การพร่ามัว",
  "i18nScanlinesLineThickness": "ความหนาของเส้น",
  "i18nScanlinesPostBlurBrightness": "ความสว่างของการพร่ามัวด้านหลัง",
  "i18nScanlinesPostBlurSaturation": "ความอิ่มตัวของการพร่ามัว",
  "i18nControllerId": "คอนโทรลเลอร์ไร้สาย {{Id}}",
  "i18nControllerId4": "คอนโทรลเลอร์ไร้สาย {{Id}}",
  "i18nControllerId5": "คอนโทรลเลอร์ไร้สาย {{Id}}",
  "i18nControlsRemapControls": "ตั้งค่าการควบคุมใหม่",
  "i18nControlsCustomizeButtonAssignments": "ปรับแต่งการกำหนดปุ่ม",
  "i18nControlsSelectButton": "เลือกปุ่มที่จะเปลี่ยนการกำหนดปุ่ม",
  "i18nControlsReset": "รีเซ็ต",
  "i18nControlsApply": "นำไปใช้",
  "i18nNavigateTimeline": "[CTRL_DPADLEFT][CTRL_DPADRIGHT] นำทางในไทม์ไลน์",
  "i18nCreateSave": "สร้างบันทึก",
  "i18nControlXAccept": "[CTRL_ENTER] ใช่",
  "i18nControlOCancel": "[CTRL_CANCEL] ยกเลิก",
  "i18nLoadSave": "โหลดบันทึก",
  "i18nConfirmQuickSave": "ยืนยันการบันทึกด่วน",
  "i18nConfirmResetAll": "ยืนยันการรีเซ็ตทั้งหมด",
  "i18nPresetCustom": "กำหนดเอง",
  "i18nPresetDefault": "ค่าเริ่มต้น",
  "i18nControlSquareMinimizeUI": "[CTRL_SQUARE] ย่อ UI เล็กสุด",
  "i18nControlSquareMaximizeUI": "[CTRL_SQUARE] ขยาย UI ใหญ่สุด",
  "i18nFileSizeIntegerMegabytes": "{{value}} MB",
  "i18nGameSaved": "เซฟเกมแล้ว",
  "i18nSaveDataTitleQuickSaves": "เซฟด่วน",
  "i18nSaveDataSubTitleQuickSaves": "ช่องเซฟด่วนหลายช่อง",
  "i18nSaveDataTitleApplication": "ข้อมูลแอปพลิเคชัน",
  "i18nSaveDataSubTitleApplication": "ความคืบหน้าของเกมและการตั้งค่ารูปลักษณ์ UI",
  "i18nSaveDataTitleMemoryCards": "การ์ดความจำ",
  "i18nSaveDataSubTitleMemoryCards": "ข้อมูลความคืบหน้าเกมเพลย์",
  "i18nTouchPadStartSelectHelp": "คลิกที่ปุ่มทัชแพตเพื่อเลือกปุ่ม SELECT และปุ่ม START",
  "i18nPressStart": "กด START",
  "i18nOk": "โอเค",
  "i18nPressStartToPlay": "กด START เพื่อเริ่มเล่น",
  "i18nQuickSaveError": "เซฟด่วนถูกบันทึกโดยใช้การตั้งค่าภาษาอื่นของระบบ โปรดเปลี่ยนภาษาของระบบเพื่อโหลดเซฟด่วนนี้",
  "i18nChangeDisc": "Change Disc",
  "i18nDiscNumber": "Disc {{Number}}",
  "i18nDiscNumberText": "Disc {{Number}} {{Text}}",
  "i18nDiscChangeConfirm": "Change to Disc {{Number}}? All unsaved progress will be lost.",
  "i18nDiscChangeConfirmText": "Change to Disc {{Number}} {{Text}}? All unsaved progress will be lost."
}