{
  "i18nSelectRewindPoint": "Geriye Sar",
  "i18nQuickSaveOptions": "Yükle ve Kaydet",
  "i18nQuickSaveTitle": "Yükle ve Kaydet",
  "i18nGeneralSettings": "Ayarlar",
  "i18nLoadQuickSave": "Yükle",
  "i18nCreateQuickSave": "Kaydet",
  "i18nBack": "[CTRL_CANCEL] Geri",
  "i18nAccept": "[CTRL_ENTER] Kabul Et",
  "i18nTriangleCreateQuicksave": "[CTRL_TRIANGLE] Hızlı Kayıt Oluştur",
  "i18nTouchpadCreateQuicksave": "[CTRL_TOUCHPAD] Hızlı Kayıt Oluştur",
  "i18nSaveSlotNumber": "{{SlotNumber}}. Yuva",
  "i18nCreateNewSave": "+ Yeni Kayıt Oluştur",
  "i18nDate": "Tarih",
  "i18nPlayTime": "Oyun Süresi",
  "i18nFileSize": "Dosya Boyutu",
  "i18nTriangleReset": "[CTRL_TRIANGLE] Sıfırla",
  "i18nTouchpadResetAll": "[CTRL_TOUCHPAD] Tümünü Sıfırla",
  "i18nOverwriteSave": "Bu kaydın üzerine yazılsın mı?",
  "i18nYes": "Evet",
  "i18nNo": "Hayır",
  "i18nSettingsTitle": "Ayarlar",
  "i18nVisualPresets": "Ön Tanımlı Görsel Ayarları",
  "i18nVideo": "Video",
  "i18nGraphics": "Grafikler",
  "i18nControls": "Kontroller",
  "i18nPreset": "Ön Tanımlı",
  "i18nPresetRetroModern": "Retro Modern",
  "i18nPresetRetroClassic": "Retro Klasik",
  "i18nPresetModern": "Modern",
  "i18nVideoPositionX": "X Konumu",
  "i18nVideoPositionY": "Y Konumu",
  "i18nVideoAspectRatio": "Görüntü Oranı",
  "i18nColorAdjustments": "Renk Ayarları",
  "i18nColorAdjustmentsBrightness": "Parlaklık",
  "i18nColorAdjustmentsContrast": "Kontrast",
  "i18nColorAdjustmentsGamma": "Gama",
  "i18nColorAdjustmentsHue": "Tonlama",
  "i18nColorAdjustmentsSaturation": "Doygunluk",
  "i18nSquareMinimizeUi": "[CTRL_SQUARE] Arayüzü Küçült",
  "i18nEmptySave": "Boş Kayıt",
  "i18nUpscaleFactor": "Üst Ölçekleme Faktörü",
  "i18nNoUpscale": "Üst Ölçekleme Yok",
  "i18nMultiplierScale": "{{Multiplier}}x Ölçekleme",
  "i18nAspectNativeResolution": "Asıl Çözünürlük",
  "i18nAspect1To1": "1:1",
  "i18nAspect43To1610": "4:3'e 16:10",
  "i18nAspect43To169": "4:3'e 16:9",
  "i18nAspectSquarePixels": "Kare pikseller",
  "i18nAspectWideZoomCropped": "Geniş Yakınlaştırma (Kırpılmış)",
  "i18nAspectWideZoomStretched": "Geniş Yakınlaştırma (Esnetilmiş)",
  "i18nGraphicsFilter": "Filtre",
  "i18nGraphicsAntiAliasing": "Kenar Yumuşatma",
  "i18nGraphicsLineThickness": "Çizgi Kalınlığı",
  "i18nGraphicsCelEffects": "Kat Efektleri",
  "i18nGraphicsScanlines": "Tarama Çizgileri",
  "i18nFilterNone": "Yok",
  "i18nFilterBicubic": "Çift Kübik",
  "i18nFilterLanczos": "Lanczos",
  "i18nFilterCubic": "Kübik",
  "i18nAntiAliasingNone": "Yok",
  "i18nAntiAliasingFxaa": "FXAA",
  "i18nAntiAliasingCmaa": "CMAA",
  "i18nCelEffectsShadingLevel": "Gölgelendirme Seviyesi",
  "i18nCelEffectsSaturation": "Doygunluk",
  "i18nCelEffectsBrightness": "Parlaklık",
  "i18nCelEffectsOutline": "Dış Çizgiler",
  "i18nCelEffectsStrength": "Keskinlik",
  "i18nCelEffectsSmooth": "Pürüzsüzlük",
  "i18nScanlinesEffectNumber": "{{Number}}. Efekt",
  "i18nScanlinesEffectCustom": "Özel",
  "i18nScanlinesColorBleedOpacity": "Renk Akması Saydamlığı",
  "i18nScanlinesMaskOpacity": "Maske Saydamlığı",
  "i18nScanlinesDarkOpacity": "Karanlık Saydamlığı",
  "i18nScanlinesLightOpacity": "Işık Saydamlığı",
  "i18nScanlinesOpacity": "Saydamlık",
  "i18nScanlinesBlur": "Bulanıklık",
  "i18nScanlinesLineThickness": "Çizgi Kalınlığı",
  "i18nScanlinesPostBlurBrightness": "Bulanıklık Sonrası Parlaklık",
  "i18nScanlinesPostBlurSaturation": "Bulanıklık Canlılığı",
  "i18nControllerId": "Kablosuz Kontrol Cihazı {{Id}}",
  "i18nControllerId4": "Kablosuz Kontrol Cihazı {{Id}}",
  "i18nControllerId5": "Kablosuz Kontrol Cihazı {{Id}}",
  "i18nControlsRemapControls": "Kontrolleri Yeniden Ata",
  "i18nControlsCustomizeButtonAssignments": "Düğme Atamalarını Özelleştir",
  "i18nControlsSelectButton": "Atamayı değiştirmek için bir düğme seç.",
  "i18nControlsReset": "Sıfırla",
  "i18nControlsApply": "Uygula",
  "i18nNavigateTimeline": "[CTRL_DPADLEFT][CTRL_DPADRIGHT] Akışta Dolaş",
  "i18nCreateSave": "Kayıt Oluştur",
  "i18nControlXAccept": "[CTRL_ENTER] Evet",
  "i18nControlOCancel": "[CTRL_CANCEL] İptal",
  "i18nLoadSave": "Kaydı Yükle",
  "i18nConfirmQuickSave": "Hızlı Kaydı Onayla",
  "i18nConfirmResetAll": "Tümünü Sıfırlamayı Onayla",
  "i18nPresetCustom": "Özel",
  "i18nPresetDefault": "Varsayılan",
  "i18nControlSquareMinimizeUI": "[CTRL_SQUARE] Arayüzü Küçült",
  "i18nControlSquareMaximizeUI": "[CTRL_SQUARE] Arayüzü Büyüt",
  "i18nFileSizeIntegerMegabytes": "{{value}} MB",
  "i18nGameSaved": "Oyun Kaydedildi",
  "i18nSaveDataTitleQuickSaves": "Hızlı Kayıtlar",
  "i18nSaveDataSubTitleQuickSaves": "Çoklu Hızlı Kayıt Yuvaları",
  "i18nSaveDataTitleApplication": "Uygulama Verileri",
  "i18nSaveDataSubTitleApplication": "Oyun İlerleyişi ve Arayüz Görünüm Ayarları",
  "i18nSaveDataTitleMemoryCards": "Hafıza Kartları",
  "i18nSaveDataSubTitleMemoryCards": "Oyun İlerleyiş Verileri",
  "i18nTouchPadStartSelectHelp": "SELECT ve START düğmelerini kullanmak için dokunmatik yüzey düğmesini kullan",
  "i18nPressStart": "START düğmesine bas",
  "i18nOk": "Tamam",
  "i18nPressStartToPlay": "Oynamak için START düğmesine bas!",
  "i18nQuickSaveError": "Hızlı Kayıt, farklı bir sistem dili ayarı kullanılarak kaydedildi. Bu Hızlı Kaydı yüklemek için lütfen sistem dilini değiştirin.",
  "i18nChangeDisc": "Change Disc",
  "i18nDiscNumber": "Disc {{Number}}",
  "i18nDiscNumberText": "Disc {{Number}} {{Text}}",
  "i18nDiscChangeConfirm": "Change to Disc {{Number}}? All unsaved progress will be lost.",
  "i18nDiscChangeConfirmText": "Change to Disc {{Number}} {{Text}}? All unsaved progress will be lost."
}