{
  "i18nSelectRewindPoint": "Зворотне перемотування",
  "i18nQuickSaveOptions": "Завантаження та збереження",
  "i18nQuickSaveTitle": "Завантаження та збереження",
  "i18nGeneralSettings": "Параметри",
  "i18nLoadQuickSave": "Завантаження",
  "i18nCreateQuickSave": "Збереження",
  "i18nBack": "[CTRL_CANCEL] Назад",
  "i18nAccept": "[CTRL_ENTER] Прийняти",
  "i18nTriangleCreateQuicksave": "[CTRL_TRIANGLE] Нове швидке збереження",
  "i18nTouchpadCreateQuicksave": "[CTRL_TOUCHPAD] Нове швидке збереження",
  "i18nSaveSlotNumber": "Осередок {{SlotNumber}}",
  "i18nCreateNewSave": "+ Нове збереження",
  "i18nDate": "Дата",
  "i18nPlayTime": "Час гри",
  "i18nFileSize": "Розмір файлу",
  "i18nTriangleReset": "[CTRL_TRIANGLE] Скинути",
  "i18nTouchpadResetAll": "[CTRL_TOUCHPAD] Скинути все",
  "i18nOverwriteSave": "Перезаписати це збереження?",
  "i18nYes": "Так",
  "i18nNo": "Ні",
  "i18nSettingsTitle": "Параметри",
  "i18nVisualPresets": "Конфігурації графіки",
  "i18nVideo": "Відео",
  "i18nGraphics": "Графіка",
  "i18nControls": "Управління",
  "i18nPreset": "Конфігурація",
  "i18nPresetRetroModern": "Ретромодерн",
  "i18nPresetRetroClassic": "Ретрокласика",
  "i18nPresetModern": "Модерн",
  "i18nVideoPositionX": "Положення осі X",
  "i18nVideoPositionY": "Положення по осі Y",
  "i18nVideoAspectRatio": "Співвідношення сторін",
  "i18nColorAdjustments": "Корекція кольору",
  "i18nColorAdjustmentsBrightness": "Яскравість",
  "i18nColorAdjustmentsContrast": "Контрастність",
  "i18nColorAdjustmentsGamma": "Гамма",
  "i18nColorAdjustmentsHue": "Відтінок",
  "i18nColorAdjustmentsSaturation": "Насиченість",
  "i18nSquareMinimizeUi": "[CTRL_SQUARE] Приховати інтерфейс",
  "i18nEmptySave": "Порожній осередок",
  "i18nUpscaleFactor": "Фактор масштабування",
  "i18nNoUpscale": "Без масштабування",
  "i18nMultiplierScale": "Фактор x{{Multiplier}}",
  "i18nAspectNativeResolution": "Штатна роздільність",
  "i18nAspect1To1": "1:1",
  "i18nAspect43To1610": "4:3 для 16:10",
  "i18nAspect43To169": "4:3 для 16:9",
  "i18nAspectSquarePixels": "Квадратні пікселі",
  "i18nAspectWideZoomCropped": "Широкий формат (обрізання)",
  "i18nAspectWideZoomStretched": "Широкий формат (розтягування)",
  "i18nGraphicsFilter": "Фільтр",
  "i18nGraphicsAntiAliasing": "Згладжування",
  "i18nGraphicsLineThickness": "Товщина ліній",
  "i18nGraphicsCelEffects": "Ефекти мультиплікації",
  "i18nGraphicsScanlines": "Лінії розгортки",
  "i18nFilterNone": "Немає",
  "i18nFilterBicubic": "Бікубічний",
  "i18nFilterLanczos": "Ланцош",
  "i18nFilterCubic": "Кубічний",
  "i18nAntiAliasingNone": "Немає",
  "i18nAntiAliasingFxaa": "FXAA",
  "i18nAntiAliasingCmaa": "CMAA",
  "i18nCelEffectsShadingLevel": "Рівень затінення",
  "i18nCelEffectsSaturation": "Насиченість",
  "i18nCelEffectsBrightness": "Яскравість",
  "i18nCelEffectsOutline": "Контур",
  "i18nCelEffectsStrength": "Інтенсивність",
  "i18nCelEffectsSmooth": "Плавність",
  "i18nScanlinesEffectNumber": "Ефект {{Number}}",
  "i18nScanlinesEffectCustom": "На вибір",
  "i18nScanlinesColorBleedOpacity": "Прозорість колірних перешкод",
  "i18nScanlinesMaskOpacity": "Прозорість маски",
  "i18nScanlinesDarkOpacity": "Прозорість темних перешкод",
  "i18nScanlinesLightOpacity": "Прозорість світлих перешкод",
  "i18nScanlinesOpacity": "Прозорість",
  "i18nScanlinesBlur": "Розмиття",
  "i18nScanlinesLineThickness": "Товщина ліній",
  "i18nScanlinesPostBlurBrightness": "Яскравість після розмиття",
  "i18nScanlinesPostBlurSaturation": "Насиченість розмиття",
  "i18nControllerId": "Безпроводовий Контролер {{Id}}",
  "i18nControllerId4": "Безпроводовий Контролер {{Id}}",
  "i18nControllerId5": "Безпроводовий Контролер {{Id}}",
  "i18nControlsRemapControls": "Перепризначити команди",
  "i18nControlsCustomizeButtonAssignments": "Змінити призначення кнопок",
  "i18nControlsSelectButton": "Виберіть кнопку, щоб змінити.",
  "i18nControlsReset": "Скидання",
  "i18nControlsApply": "Застосувати",
  "i18nNavigateTimeline": "[CTRL_DPADLEFT][CTRL_DPADRIGHT] Вибір часу",
  "i18nCreateSave": "Нове збереження",
  "i18nControlXAccept": "[CTRL_ENTER] Так",
  "i18nControlOCancel": "[CTRL_CANCEL] Скасувати",
  "i18nLoadSave": "Завантаження гри",
  "i18nConfirmQuickSave": "Підтвердження швидкого збереження",
  "i18nConfirmResetAll": "Підтвердження повного скидання",
  "i18nPresetCustom": "На вибір",
  "i18nPresetDefault": "За замовчуванням",
  "i18nControlSquareMinimizeUI": "[CTRL_SQUARE] Приховати інтерфейс",
  "i18nControlSquareMaximizeUI": "[CTRL_SQUARE] Розгорнути інтерфейс",
  "i18nFileSizeIntegerMegabytes": "{{value}} МБ",
  "i18nGameSaved": "Гра збережена",
  "i18nSaveDataTitleQuickSaves": "Швидке збереження",
  "i18nSaveDataSubTitleQuickSaves": "Кілька слотів для швидкого збереження",
  "i18nSaveDataTitleApplication": "Дані додатку",
  "i18nSaveDataSubTitleApplication": "Отримані призи та параметри інтерфейсу",
  "i18nSaveDataTitleMemoryCards": "Карти пам'яті",
  "i18nSaveDataSubTitleMemoryCards": "Дані про проходження гри",
  "i18nTouchPadStartSelectHelp": "Для натискання кнопок SELECT та START використовуйте кнопку сенсорної панелі",
  "i18nPressStart": "Натисніть START",
  "i18nOk": "ОК",
  "i18nPressStartToPlay": "Натисніть START, щоб розпочати гру!",
  "i18nChangeDisc": "Change Disc",
  "i18nDiscNumber": "Disc {{Number}}",
  "i18nDiscNumberText": "Disc {{Number}} {{Text}}",
  "i18nDiscChangeConfirm": "Change to Disc {{Number}}? All unsaved progress will be lost.",
  "i18nDiscChangeConfirmText": "Change to Disc {{Number}} {{Text}}? All unsaved progress will be lost."
}