{
  "i18nSelectRewindPoint": "Tua ngược lại",
  "i18nQuickSaveOptions": "Tải & Lưu",
  "i18nQuickSaveTitle": "Tải & Lưu",
  "i18nGeneralSettings": "Cài đặt",
  "i18nLoadQuickSave": "Tải",
  "i18nCreateQuickSave": "Lưu",
  "i18nBack": "[CTRL_CANCEL] Quay lại",
  "i18nAccept": "[CTRL_ENTER] Chấp nhận",
  "i18nTriangleCreateQuicksave": "[CTRL_TRIANGLE] Tạo bản lưu nhanh",
  "i18nTouchpadCreateQuicksave": "[CTRL_TOUCHPAD] Tạo bản lưu nhanh",
  "i18nSaveSlotNumber": "Khe {{SlotNumber}}",
  "i18nCreateNewSave": "+ Tạo bản lưu mới",
  "i18nDate": "Ngày",
  "i18nPlayTime": "Thời gian chơi",
  "i18nFileSize": "Dung lượng tập tin",
  "i18nTriangleReset": "[CTRL_TRIANGLE] Đặt lại",
  "i18nTouchpadResetAll": "[CTRL_TOUCHPAD] Đặt lại tất cả",
  "i18nOverwriteSave": "Ghi đè bản lưu này?",
  "i18nYes": "Có",
  "i18nNo": "Không",
  "i18nSettingsTitle": "Cài đặt",
  "i18nVisualPresets": "Thiết lập sẵn hình ảnh",
  "i18nVideo": "Video",
  "i18nGraphics": "Đồ họa",
  "i18nControls": "Cơ chế điều khiển",
  "i18nPreset": "Thiết lập sẵn",
  "i18nPresetRetroModern": "Hiện đại hoài cổ",
  "i18nPresetRetroClassic": "Cổ điển hoài cổ",
  "i18nPresetModern": "Hiện đại",
  "i18nVideoPositionX": "Vị trí X",
  "i18nVideoPositionY": "Vị trí Y",
  "i18nVideoAspectRatio": "Tỷ lệ khung hình",
  "i18nColorAdjustments": "Điều chỉnh màu sắc",
  "i18nColorAdjustmentsBrightness": "Độ sáng",
  "i18nColorAdjustmentsContrast": "Độ tương phản",
  "i18nColorAdjustmentsGamma": "Gamma",
  "i18nColorAdjustmentsHue": "Hue",
  "i18nColorAdjustmentsSaturation": "Độ bão hòa",
  "i18nSquareMinimizeUi": "[CTRL_SQUARE] Thu nhỏ giao diện",
  "i18nEmptySave": "Bản lưu trống",
  "i18nUpscaleFactor": "Hệ số nâng độ phân giải",
  "i18nNoUpscale": "Không nâng độ phân giải",
  "i18nMultiplierScale": "{{Multiplier}}x Tỷ lệ",
  "i18nAspectNativeResolution": "Độ phân giải gốc",
  "i18nAspect1To1": "1:1",
  "i18nAspect43To1610": "4:3 cho 16:10",
  "i18nAspect43To169": "4:3 cho 16:9",
  "i18nAspectSquarePixels": "Điểm ảnh vuông",
  "i18nAspectWideZoomCropped": "Thu phóng rộng (Xén)",
  "i18nAspectWideZoomStretched": "Thu phóng rộng (Kéo giãn)",
  "i18nGraphicsFilter": "Lọc",
  "i18nGraphicsAntiAliasing": "Khử răng cưa",
  "i18nGraphicsLineThickness": "Độ dày đường kẻ",
  "i18nGraphicsCelEffects": "Hiệu ứng Cel",
  "i18nGraphicsScanlines": "Đường quét hình",
  "i18nFilterNone": "Không",
  "i18nFilterBicubic": "Bicubic",
  "i18nFilterLanczos": "Lanczos",
  "i18nFilterCubic": "Cubic",
  "i18nAntiAliasingNone": "Không",
  "i18nAntiAliasingFxaa": "FXAA",
  "i18nAntiAliasingCmaa": "CMAA",
  "i18nCelEffectsShadingLevel": "Cấp độ đổ bóng",
  "i18nCelEffectsSaturation": "Độ bão hòa",
  "i18nCelEffectsBrightness": "Độ sáng",
  "i18nCelEffectsOutline": "Viền ngoài",
  "i18nCelEffectsStrength": "Cường độ",
  "i18nCelEffectsSmooth": "Độ mượt",
  "i18nScanlinesEffectNumber": "Hiệu ứng {{Number}}",
  "i18nScanlinesEffectCustom": "Tùy chỉnh",
  "i18nScanlinesColorBleedOpacity": "Độ chắn sáng pha màu",
  "i18nScanlinesMaskOpacity": "Độ chắn sáng mặt nạ",
  "i18nScanlinesDarkOpacity": "Độ chắn sáng tối",
  "i18nScanlinesLightOpacity": "Độ chắn sáng sáng",
  "i18nScanlinesOpacity": "Độ chắn sáng",
  "i18nScanlinesBlur": "Độ mờ",
  "i18nScanlinesLineThickness": "Độ dày đường kẻ",
  "i18nScanlinesPostBlurBrightness": "Độ sáng sau khi làm mờ",
  "i18nScanlinesPostBlurSaturation": "Độ bão hòa làm mờ",
  "i18nControllerId": "Bộ điều khiển không dây {{Id}}",
  "i18nControllerId4": "Bộ điều khiển không dây {{Id}}",
  "i18nControllerId5": "Bộ điều khiển không dây {{Id}}",
  "i18nControlsRemapControls": "Ánh xạ lại cơ chế điều khiển",
  "i18nControlsCustomizeButtonAssignments": "Tùy chỉnh các kiểu gán nút",
  "i18nControlsSelectButton": "Chọn một nút để thay đổi kiểu gán cho nút đó.",
  "i18nControlsReset": "Đặt lại",
  "i18nControlsApply": "Áp dụng",
  "i18nNavigateTimeline": "[CTRL_DPADLEFT][CTRL_DPADRIGHT] Điều hướng dòng thời gian",
  "i18nCreateSave": "Tạo bản lưu",
  "i18nControlXAccept": "[CTRL_ENTER] Có",
  "i18nControlOCancel": "[CTRL_CANCEL] Hủy",
  "i18nLoadSave": "Tải bản lưu",
  "i18nConfirmQuickSave": "Xác nhận Lưu nhanh",
  "i18nConfirmResetAll": "Xác nhận Đặt lại tất cả",
  "i18nPresetCustom": "Tùy chỉnh",
  "i18nPresetDefault": "Mặc định",
  "i18nControlSquareMinimizeUI": "[CTRL_SQUARE] Thu nhỏ giao diện",
  "i18nControlSquareMaximizeUI": "[CTRL_SQUARE] Phóng to tối đa giao diện",
  "i18nFileSizeIntegerMegabytes": "{{value}} MB",
  "i18nGameSaved": "Đã lưu trò chơi",
  "i18nSaveDataTitleQuickSaves": "Bản lưu nhanh",
  "i18nSaveDataSubTitleQuickSaves": "Nhiều khe bản lưu nhanh",
  "i18nSaveDataTitleApplication": "Dữ liệu ứng dụng",
  "i18nSaveDataSubTitleApplication": "Cài đặt tiến độ trò chơi và giao diện người dùng",
  "i18nSaveDataTitleMemoryCards": "Thẻ nhớ",
  "i18nSaveDataSubTitleMemoryCards": "Dữ liệu tiến độ chơi trò chơi",
  "i18nTouchPadStartSelectHelp": "Nhấn vào nút bấm trên bàn rê cảm ứng để sử dụng nút SELECT và nút START",
  "i18nPressStart": "Nhấn START",
  "i18nOk": "OK",
  "i18nPressStartToPlay": "Nhấn START để chơi!",
  "i18nQuickSaveError": "Lưu nhanh sử dụng cài đặt ngôn ngữ hệ thống khác. Vui lòng thay đổi ngôn ngữ hệ thống để tải lại bản lưu nhanh này.",
  "i18nChangeDisc": "Change Disc",
  "i18nDiscNumber": "Disc {{Number}}",
  "i18nDiscNumberText": "Disc {{Number}} {{Text}}",
  "i18nDiscChangeConfirm": "Change to Disc {{Number}}? All unsaved progress will be lost.",
  "i18nDiscChangeConfirmText": "Change to Disc {{Number}} {{Text}}? All unsaved progress will be lost."
}