{
  "i18nSelectRewindPoint": "倒帶",
  "i18nQuickSaveOptions": "讀檔和存檔",
  "i18nQuickSaveTitle": "讀檔和存檔",
  "i18nGeneralSettings": "設定",
  "i18nLoadQuickSave": "讀檔",
  "i18nCreateQuickSave": "存檔",
  "i18nBack": "[CTRL_CANCEL] 上一頁",
  "i18nAccept": "[CTRL_ENTER] 接受",
  "i18nTriangleCreateQuicksave": "[CTRL_TRIANGLE] 建立快速存檔",
  "i18nTouchpadCreateQuicksave": "[CTRL_TOUCHPAD] 建立快速存檔",
  "i18nSaveSlotNumber": "存檔 {{SlotNumber}}",
  "i18nCreateNewSave": "+ 建立新存檔",
  "i18nDate": "日期",
  "i18nPlayTime": "遊玩時間",
  "i18nFileSize": "檔案大小",
  "i18nTriangleReset": "[CTRL_TRIANGLE] 重設",
  "i18nTouchpadResetAll": "[CTRL_TOUCHPAD] 全部重設",
  "i18nOverwriteSave": "要覆蓋這個存檔嗎？",
  "i18nYes": "是",
  "i18nNo": "否",
  "i18nSettingsTitle": "設定",
  "i18nVisualPresets": "預設視覺",
  "i18nVideo": "視訊",
  "i18nGraphics": "圖形",
  "i18nControls": "控制",
  "i18nPreset": "預設",
  "i18nPresetRetroModern": "復古摩登",
  "i18nPresetRetroClassic": "復古經典",
  "i18nPresetModern": "摩登",
  "i18nVideoPositionX": "X 軸",
  "i18nVideoPositionY": "Y 軸",
  "i18nVideoAspectRatio": "影像比例",
  "i18nColorAdjustments": "色彩調整",
  "i18nColorAdjustmentsBrightness": "亮度",
  "i18nColorAdjustmentsContrast": "對比",
  "i18nColorAdjustmentsGamma": "色差補正",
  "i18nColorAdjustmentsHue": "色調",
  "i18nColorAdjustmentsSaturation": "飽和度",
  "i18nSquareMinimizeUi": "[CTRL_SQUARE] 將使用者介面最小化",
  "i18nEmptySave": "空白存檔",
  "i18nUpscaleFactor": "放大倍數",
  "i18nNoUpscale": "不放大",
  "i18nMultiplierScale": "放大 {{Multiplier}} 倍",
  "i18nAspectNativeResolution": "原始解析度",
  "i18nAspect1To1": "1:1",
  "i18nAspect43To1610": "4:3 放大為 16:10",
  "i18nAspect43To169": "4:3 放大為 16:9",
  "i18nAspectSquarePixels": "正方形",
  "i18nAspectWideZoomCropped": "廣角縮放（裁切）",
  "i18nAspectWideZoomStretched": "廣角縮放（延展）",
  "i18nGraphicsFilter": "濾鏡",
  "i18nGraphicsAntiAliasing": "消除鋸齒",
  "i18nGraphicsLineThickness": "線條粗細",
  "i18nGraphicsCelEffects": "卡通渲染效果",
  "i18nGraphicsScanlines": "掃描線",
  "i18nFilterNone": "無",
  "i18nFilterBicubic": "雙立方",
  "i18nFilterLanczos": "Lanczos",
  "i18nFilterCubic": "立方",
  "i18nAntiAliasingNone": "無",
  "i18nAntiAliasingFxaa": "FXAA",
  "i18nAntiAliasingCmaa": "CMAA",
  "i18nCelEffectsShadingLevel": "陰影等級",
  "i18nCelEffectsSaturation": "飽和度",
  "i18nCelEffectsBrightness": "亮度",
  "i18nCelEffectsOutline": "外框線",
  "i18nCelEffectsStrength": "強度",
  "i18nCelEffectsSmooth": "平滑",
  "i18nScanlinesEffectNumber": "效果 {{Number}}",
  "i18nScanlinesEffectCustom": "自訂",
  "i18nScanlinesColorBleedOpacity": "溢色透明度",
  "i18nScanlinesMaskOpacity": "遮罩透明度",
  "i18nScanlinesDarkOpacity": "暗色透明度",
  "i18nScanlinesLightOpacity": "亮色透明度",
  "i18nScanlinesOpacity": "透明度",
  "i18nScanlinesBlur": "模糊",
  "i18nScanlinesLineThickness": "線條粗細",
  "i18nScanlinesPostBlurBrightness": "模糊後亮度",
  "i18nScanlinesPostBlurSaturation": "模糊飽和度",
  "i18nControllerId": "無線控制器 {{Id}}",
  "i18nControllerId4": "無線控制器 {{Id}}",
  "i18nControllerId5": "無線控制器 {{Id}}",
  "i18nControlsRemapControls": "重新對應控制項",
  "i18nControlsCustomizeButtonAssignments": "自訂按鈕",
  "i18nControlsSelectButton": "選取按鈕以變更按鈕功能。",
  "i18nControlsReset": "重設",
  "i18nControlsApply": "套用",
  "i18nNavigateTimeline": "[CTRL_DPADLEFT][CTRL_DPADRIGHT] 瀏覽時間軸",
  "i18nCreateSave": "建立存檔",
  "i18nControlXAccept": "[CTRL_ENTER] 是",
  "i18nControlOCancel": "[CTRL_CANCEL] 取消",
  "i18nLoadSave": "讀取存檔",
  "i18nConfirmQuickSave": "確認快速存檔",
  "i18nConfirmResetAll": "確認全部重設",
  "i18nPresetCustom": "自訂",
  "i18nPresetDefault": "預設",
  "i18nControlSquareMinimizeUI": "[CTRL_SQUARE] 將使用者介面最小化",
  "i18nControlSquareMaximizeUI": "[CTRL_SQUARE] 將使用者介面最大化",
  "i18nFileSizeIntegerMegabytes": "{{value}} MB",
  "i18nGameSaved": "遊戲已儲存",
  "i18nSaveDataTitleQuickSaves": "快速存檔",
  "i18nSaveDataSubTitleQuickSaves": "多個快速存檔槽",
  "i18nSaveDataTitleApplication": "應用程式資料",
  "i18nSaveDataSubTitleApplication": "遊戲進度和使用者介面外觀設定",
  "i18nSaveDataTitleMemoryCards": "記憶卡",
  "i18nSaveDataSubTitleMemoryCards": "遊戲進度資料",
  "i18nTouchPadStartSelectHelp": "點按觸碰板按鈕來使用「SELECT」以及「START」按鈕",
  "i18nPressStart": "點按「START」",
  "i18nOk": "確定",
  "i18nPressStartToPlay": "點按「START」來遊玩！",
  "i18nQuickSaveError": "此快速存檔已使用不同系統語言進行儲存，如讀取此快速存檔請更改系統語言進行讀取。",
  "i18nChangeDisc": "Change Disc",
  "i18nDiscNumber": "Disc {{Number}}",
  "i18nDiscNumberText": "Disc {{Number}} {{Text}}",
  "i18nDiscChangeConfirm": "Change to Disc {{Number}}? All unsaved progress will be lost.",
  "i18nDiscChangeConfirmText": "Change to Disc {{Number}} {{Text}}? All unsaved progress will be lost."
}