{
  "i18nSelectRewindPoint": "后退",
  "i18nQuickSaveOptions": "加载并保存",
  "i18nQuickSaveTitle": "加载并保存",
  "i18nGeneralSettings": "设置",
  "i18nLoadQuickSave": "加载",
  "i18nCreateQuickSave": "保存",
  "i18nBack": "[CTRL_CANCEL]返回",
  "i18nAccept": "[CTRL_ENTER]同意",
  "i18nTriangleCreateQuicksave": "[CTRL_TRIANGLE]创建快速存档",
  "i18nTouchpadCreateQuicksave": "[CTRL_TOUCHPAD]创建快速存档",
  "i18nSaveSlotNumber": "存储槽 {{SlotNumber}}",
  "i18nCreateNewSave": "+创建新存档",
  "i18nDate": "日期",
  "i18nPlayTime": "游玩时间",
  "i18nFileSize": "文件大小",
  "i18nTriangleReset": "[CTRL_TRIANGLE]重置",
  "i18nTouchpadResetAll": "[CTRL_TOUCHPAD]全部重置",
  "i18nOverwriteSave": "覆盖此存档？",
  "i18nYes": "是",
  "i18nNo": "否",
  "i18nSettingsTitle": "设置",
  "i18nVisualPresets": "视觉预设",
  "i18nVideo": "视频",
  "i18nGraphics": "图片",
  "i18nControls": "控制",
  "i18nPreset": "预设",
  "i18nPresetRetroModern": "复古现代",
  "i18nPresetRetroClassic": "复古经典",
  "i18nPresetModern": "现代",
  "i18nVideoPositionX": "水平位置",
  "i18nVideoPositionY": "垂直位置",
  "i18nVideoAspectRatio": "宽高比",
  "i18nColorAdjustments": "色彩校正",
  "i18nColorAdjustmentsBrightness": "亮度",
  "i18nColorAdjustmentsContrast": "对比度",
  "i18nColorAdjustmentsGamma": "伽马矫正",
  "i18nColorAdjustmentsHue": "色相",
  "i18nColorAdjustmentsSaturation": "饱和度",
  "i18nSquareMinimizeUi": "[CTRL_SQUARE]界面最小化",
  "i18nEmptySave": "无存档",
  "i18nUpscaleFactor": "放大系数",
  "i18nNoUpscale": "不放大",
  "i18nMultiplierScale": "{{Multiplier}} 倍放大",
  "i18nAspectNativeResolution": "原始分辨率",
  "i18nAspect1To1": "1:1",
  "i18nAspect43To1610": "4:3 适用于 16:10 宽高比",
  "i18nAspect43To169": "4:3 适用于 16:9 宽高比",
  "i18nAspectSquarePixels": "方形像素",
  "i18nAspectWideZoomCropped": "横向缩放（裁剪）",
  "i18nAspectWideZoomStretched": "横向缩放（展开）",
  "i18nGraphicsFilter": "滤镜",
  "i18nGraphicsAntiAliasing": "抗锯齿",
  "i18nGraphicsLineThickness": "线条粗细",
  "i18nGraphicsCelEffects": "卡通渲染",
  "i18nGraphicsScanlines": "扫描线",
  "i18nFilterNone": "无",
  "i18nFilterBicubic": "双立方",
  "i18nFilterLanczos": "兰佐斯",
  "i18nFilterCubic": "立方",
  "i18nAntiAliasingNone": "无",
  "i18nAntiAliasingFxaa": "FXAA",
  "i18nAntiAliasingCmaa": "CMAA",
  "i18nCelEffectsShadingLevel": "阴影级别",
  "i18nCelEffectsSaturation": "饱和度",
  "i18nCelEffectsBrightness": "亮度",
  "i18nCelEffectsOutline": "描边",
  "i18nCelEffectsStrength": "强度",
  "i18nCelEffectsSmooth": "平滑",
  "i18nScanlinesEffectNumber": "效果 {{Number}}",
  "i18nScanlinesEffectCustom": "自定义",
  "i18nScanlinesColorBleedOpacity": "洇色透明度",
  "i18nScanlinesMaskOpacity": "遮罩透明度",
  "i18nScanlinesDarkOpacity": "深色透明度",
  "i18nScanlinesLightOpacity": "浅色透明度",
  "i18nScanlinesOpacity": "透明度",
  "i18nScanlinesBlur": "模糊",
  "i18nScanlinesLineThickness": "线条粗细",
  "i18nScanlinesPostBlurBrightness": "模糊亮度",
  "i18nScanlinesPostBlurSaturation": "模糊饱和度",
  "i18nControllerId": "无线控制器 {{Id}}",
  "i18nControllerId4": "无线控制器 {{Id}}",
  "i18nControllerId5": "无线控制器 {{Id}}",
  "i18nControlsRemapControls": "重新映射控制",
  "i18nControlsCustomizeButtonAssignments": "自定义按键分配",
  "i18nControlsSelectButton": "选择一个按键，改变其功能。",
  "i18nControlsReset": "重置",
  "i18nControlsApply": "应用",
  "i18nNavigateTimeline": "[CTRL_DPADLEFT][CTRL_DPADRIGHT] 导航时间轴",
  "i18nCreateSave": "创建存档",
  "i18nControlXAccept": "[CTRL_ENTER]好的",
  "i18nControlOCancel": "[CTRL_CANCEL]取消",
  "i18nLoadSave": "加载存档",
  "i18nConfirmQuickSave": "确定快速存档",
  "i18nConfirmResetAll": "确定全部重置",
  "i18nPresetCustom": "自定义",
  "i18nPresetDefault": "默认",
  "i18nControlSquareMinimizeUI": "[CTRL_SQUARE]界面最小化",
  "i18nControlSquareMaximizeUI": "[CTRL_SQUARE]界面最大化",
  "i18nFileSizeIntegerMegabytes": "{{value}} MB",
  "i18nGameSaved": "游戏已保存",
  "i18nSaveDataTitleQuickSaves": "快速保存",
  "i18nSaveDataSubTitleQuickSaves": "多个快速保存栏位",
  "i18nSaveDataTitleApplication": "应用程序数据",
  "i18nSaveDataSubTitleApplication": "游戏进度和UI外观设置",
  "i18nSaveDataTitleMemoryCards": "存储卡",
  "i18nSaveDataSubTitleMemoryCards": "游戏进度数据",
  "i18nTouchPadStartSelectHelp": "点击触摸板键以使用 SELECT 键和 START 键",
  "i18nPressStart": "请按 START 键",
  "i18nOk": "好的",
  "i18nPressStartToPlay": "请按 START 键进入游戏！",
  "i18nQuickSaveError": "此快速存档保存于不同系统语言设置下，请更改系统语言进行读取存档。",
  "i18nChangeDisc": "Change Disc",
  "i18nDiscNumber": "Disc {{Number}}",
  "i18nDiscNumberText": "Disc {{Number}} {{Text}}",
  "i18nDiscChangeConfirm": "Change to Disc {{Number}}? All unsaved progress will be lost.",
  "i18nDiscChangeConfirmText": "Change to Disc {{Number}} {{Text}}? All unsaved progress will be lost."
}